24	O
.	O
Juli	O
2008	O
Prognosen	O
sind	O
schwierig	O
,	O
besonders	O
wenn	O
sie	O
die	O
Zukunft	O
betreffen	O
-	O
so	O
lautet	O
ein	O
beliebtes	O
Bonmot	O
,	O
das	O
Mark	PERSON
Twain	PERSON
,	O
Karl	PERSON
Valentin	PERSON
,	O
Niels	PERSON
Bohr	PERSON
oder	O
auch	O
Winston	PERSON
Churchill	PERSON
zugeschrieben	O
wird	O
.	O
Das	O
Geschäft	O
der	O
Konjunkturprognostiker	O
ist	O
derzeit	O
besonders	O
schwierig	O
.	O
Für	O
ihre	O
Prognosen	O
treffen	O
sie	O
Annahmen	O
,	O
etwa	O
zu	O
den	O
Wechselkursen	O
oder	O
zum	O
Ölpreis	O
.	O
Und	O
mit	O
diesen	O
Schätzungen	O
lagen	O
sie	O
in	O
jüngster	O
Vergangenheit	O
zum	O
Teil	O
erheblich	O
daneben	O
,	O
was	O
die	O
Trefferwahrscheinlichkeit	O
der	O
ganzen	O
Prognosen	O
verschlechtert	O
hat	O
.	O
So	O
basierte	O
die	O
im	O
vergangenen	O
Herbst	O
veröffentlichte	O
Gemeinschaftsdiagnose	O
von	O
acht	O
Wirtschaftsforschungsinstituten	O
noch	O
auf	O
der	O
Annahme	O
eines	O
Ölpreises	O
von	O
80	O
Dollar	O
je	O
Barrel	O
.	O
In	O
der	O
Frühjahrsprognose	O
,	O
veröffentlicht	O
im	O
April	O
dieses	O
Jahres	O
,	O
setzten	O
sie	O
den	O
Ölpreis	O
für	O
2008	O
immerhin	O
auf	O
98	O
Dollar	O
fest	O
.	O
Tatsächlich	O
aber	O
ist	O
er	O
Anfang	O
Juli	O
auf	O
fast	O
150	O
Dollar	O
gestiegen	O
,	O
danach	O
wieder	O
unter	O
130	O
Dollar	O
gefallen	O
.	O
Im	O
vergangenen	O
Jahr	O
kostete	O
ein	O
Barrel	O
Rohöl	O
aber	O
im	O
Durchschnitt	O
nur	O
73	O
Dollar	O
.	O
Die	O
Ölimportrechnung	O
der	O
Deutschen	O
könnte	O
somit	O
dieses	O
Jahr	O
um	O
bis	O
zu	O
30	O
Milliarden	O
Euro	O
höher	O
ausfallen	O
als	O
2007	O
.	O
Das	O
wäre	O
mehr	O
als	O
1	O
Prozent	O
des	O
Bruttoinlandsprodukts	O
-LRB-	O
BIP	O
-RRB-	O
.	O
Anzeige	O
Es	O
gibt	O
auch	O
unter	O
den	O
Prognostikern	O
ein	O
gewisses	O
Herdenverhalten	O
Wegen	O
dieses	O
befürchteten	O
Kaufkraftverlusts	O
beginnen	O
viele	O
Ökonomen	O
damit	O
,	O
ihre	O
Ende	O
2007	O
erhöhten	O
Wachstumsprognosen	O
für	O
2008	O
wieder	O
nach	O
unten	O
zu	O
revidieren	O
.	O
Die	O
Gemeinschaftsdiagnose	O
der	O
deutschen	O
Institute	O
vom	O
April	O
,	O
als	O
1,8	O
Prozent	O
Wachstum	O
vorhergesagt	O
wurden	O
,	O
erscheint	O
schon	O
wieder	O
überholt	O
.	O
Der	O
starke	O
Einbruch	O
des	O
Ifo-Gesch	O
äftsklimas	O
hat	O
jeglichen	O
Optimismus	O
hinweggefegt	O
.	O
Nun	O
senken	O
die	O
Ökonomen	O
ihre	O
mittelfristigen	O
Prognosen	O
,	O
etwa	O
die	O
der	O
Commerzbank	ORGANIZATION
,	O
die	O
2009	O
nur	O
noch	O
0,7	O
statt	O
1	O
Prozent	O
Wachstum	O
erwarten	O
.	O
Es	O
gibt	O
auch	O
unter	O
den	O
Prognostikern	O
ein	O
gewisses	O
Herdenverhalten	O
,	O
gibt	O
Stefan	PERSON
Kooths	PERSON
vom	O
Deutschen	ORGANIZATION
Institut	ORGANIZATION
für	ORGANIZATION
Wirtschaftsforschung	ORGANIZATION
-LRB-	O
DIW	O
-RRB-	O
in	O
Berlin	LOCATION
zu	O
.	O
Keiner	O
der	O
Konjunkturforscher	O
möchte	O
sich	O
mit	O
seinen	O
Prognosen	O
zu	O
weit	O
von	O
der	O
Mehrheitsmeinung	O
entfernen	O
.	O
Da	O
ist	O
die	O
Angst	O
,	O
isoliert	O
dazustehen	O
,	O
sagt	O
Kooths	PERSON
.	O
Die	O
Schwierigkeiten	O
liegen	O
auf	O
drei	O
Ebenen	O
:	O
Nicht	O
nur	O
müssen	O
die	O
Annahmen	O
realistisch	O
sein	O
,	O
es	O
muss	O
auch	O
ein	O
Modell	O
geben	O
,	O
das	O
die	O
mikroökonomischen	O
Zusammenhänge	O
und	O
die	O
makroökonomischen	O
Kreisläufe	O
einer	O
Volkswirtschaft	O
bei	O
aller	O
Abstraktion	O
zutreffend	O
abbildet	O
.	O
Zum	O
Thema	O
\*	O
Es	O
gibt	O
auch	O
unter	O
Ökonomen	O
einen	O
Herdentrieb	O
\*	O
Forscher	O
senken	O
Konjunkturprognose	O
für	O
2008	O
deutlich	O
\*	O
Konjunktur	O
:	O
Amerika	LOCATION
droht	O
der	O
Stillstand	O
-	O
Deutschland	LOCATION
bleibt	O
verschont	O
\*	O
DIW	O
erwartet	O
schwächeres	O
Wachstum	O
\*	O
Dem	O
Aufschwung	O
in	O
Deutschland	LOCATION
geht	O
die	O
Luft	O
aus	O
Das	O
Ifo-Institut	ORGANIZATION
nutzt	O
ein	O
Makromodell	O
aus	O
Oxford	LOCATION
,	O
das	O
mehrere	O
tausend	O
Gleichungen	O
umfasst	O
.	O
Ich	O
habe	O
sie	O
nie	O
gezählt	O
,	O
so	O
viele	O
sind	O
es	O
,	O
sagt	O
Ifo-Konjunkturchef	O
Kai	PERSON
Carstensen	PERSON
.	O
Die	O
reine	O
Zahl	O
und	O
die	O
Größe	O
sagen	O
aber	O
auch	O
gar	O
nichts	O
über	O
die	O
Qualität	O
des	O
Modells	O
,	O
für	O
kurzfristige	O
Prognosen	O
sind	O
oft	O
sogar	O
die	O
kleineren	O
Modelle	O
besser	O
.	O
Eine	O
typische	O
Gleichung	O
versucht	O
etwa	O
,	O
den	O
Konsum	O
der	O
privaten	O
Haushalte	O
aus	O
ihrem	O
verfügbaren	O
Einkommen	O
und	O
ihrer	O
Sparneigung	O
zu	O
berechnen	O
.	O
Das	O
Konsumverhalten	O
kann	O
von	O
Land	O
zu	O
Land	O
ziemlich	O
unterschiedlich	O
sein	O
,	O
sagt	O
Kooths	PERSON
.	O
Das	O
DIW	O
geht	O
in	O
Großbritannien	LOCATION
von	O
einem	O
spürbaren	O
Effekt	O
der	O
Vermögenswerte	O
auf	O
den	O
Konsum	O
aus	O
,	O
in	O
Deutschland	LOCATION
aber	O
nicht	O
.	O
Hier	O
bestimmt	O
vorrangig	O
das	O
verfügbare	O
Einkommen	O
den	O
Konsum	O
.	O
Es	O
gibt	O
häufig	O
Revisionen	O
der	O
Statistik	O
Schwierig	O
wird	O
es	O
,	O
wenn	O
wir	O
Strukturbrüche	O
haben	O
wie	O
mit	O
der	O
Mehrwertsteuererhöhung	O
,	O
erklärt	O
Kooths	PERSON
.	O
Die	O
Unsicherheit	O
der	O
Prognose	O
nimmt	O
dann	O
zu	O
.	O
Als	O
weitere	O
Beispiele	O
für	O
Strukturbrüche	O
nennt	O
er	O
die	O
Unternehmensteuerreform	O
,	O
neue	O
Abschreibungsregeln	O
oder	O
Arbeitsmarktreformen	O
-	O
etwa	O
die	O
Hartz-Gesetze	O
,	O
welche	O
die	O
Beschäftigungsschwelle	O
gesenkt	O
haben	O
.	O
Es	O
gibt	O
überall	O
Unsicherheiten	O
,	O
sagt	O
Carstensen	PERSON
.	O
Auch	O
die	O
Finanzkrise	O
war	O
in	O
dieser	O
Form	O
so	O
noch	O
nie	O
da	O
,	O
und	O
je	O
weniger	O
historische	O
Erfahrung	O
wir	O
haben	O
,	O
desto	O
schwieriger	O
ist	O
die	O
Folgenabschätzung	O
.	O
Um	O
eine	O
Prognose	O
über	O
die	O
Zukunft	O
zu	O
erhalten	O
,	O
füttern	O
die	O
Konjunkturforscher	O
ihre	O
Modelle	O
mit	O
den	O
Daten	O
,	O
welche	O
ihnen	O
das	O
Statistische	ORGANIZATION
Bundesamt	ORGANIZATION
oder	O
die	O
Bundesbank	ORGANIZATION
zur	O
Verfügung	O
stellen	O
.	O
Auch	O
hier	O
können	O
sich	O
Ungenauigkeiten	O
oder	O
Fehler	O
einschleichen	O
,	O
es	O
gibt	O
häufig	O
Revisionen	O
der	O
Statistik	O
.	O
Für	O
einen	O
großen	O
Teil	O
der	O
Wirtschaft	O
,	O
namentlich	O
den	O
gesamten	O
Dienstleistungssektor	O
,	O
der	O
rund	O
70	O
Prozent	O
des	O
BIP	O
ausmacht	O
,	O
gibt	O
es	O
zudem	O
nur	O
wenig	O
Daten	O
.	O
In	O
einer	O
Studie	O
haben	O
die	O
beiden	O
Ökonomen	O
Ulrich	PERSON
Fritsche	PERSON
und	O
Jörg	PERSON
Döpke	PERSON
2006	O
untersucht	O
,	O
wie	O
weit	O
die	O
Wachstumsprognosen	O
die	O
tatsächliche	O
Entwicklung	O
vorauszusagen	O
vermochten	O
.	O
Demnach	O
lagen	O
etwa	O
die	O
im	O
April	O
veröffentlichten	O
Prognosen	O
für	O
das	O
laufende	O
Jahr	O
durchschnittlich	O
um	O
0,8	O
Prozentpunkte	O
neben	O
der	O
später	O
errechneten	O
BIP-Wachstumsrate	O
.	O
Die	O
Herbstprognosen	O
für	O
das	O
nächste	O
Jahr	O
,	O
die	O
also	O
weiter	O
als	O
12	O
Monate	O
in	O
die	O
Zukunft	O
reichten	O
,	O
hatten	O
größere	O
Fehler	O
von	O
bis	O
zu	O
1,4	O
Prozentpunkten	O
-	O
so	O
weit	O
lag	O
der	O
IWF	O
daneben	O
.	O
Fritsche	PERSON
und	O
Döpke	PERSON
haben	O
den	O
Informationsgehalt	O
der	O
Prognosen	O
mit	O
einem	O
Münzwurf	O
verglichen	O
.	O
Immerhin	O
beruhigend	O
für	O
die	O
Forscher	O
,	O
dass	O
sie	O
konjunkturelle	O
Richtungsänderungen	O
deutlich	O
öfter	O
richtig	O
angaben	O
als	O
der	O
Zufallsgenerator	O
.	O
Psychologie	O
spielt	O
in	O
der	O
Wirtschaft	O
eine	O
große	O
Rolle	O
Eine	O
umstrittene	O
Frage	O
unter	O
Konjunkturforschern	O
ist	O
,	O
ob	O
ihre	O
Prognosen	O
selbst	O
die	O
Konjunktur	O
beeinflussen	O
.	O
Die	O
Ökonomie	O
hat	O
es	O
ja	O
,	O
anders	O
als	O
die	O
Physik	O
,	O
mit	O
einer	O
mitdenkenden	O
Materie	O
,	O
nämlich	O
mit	O
menschlichen	O
Individuen	O
,	O
zu	O
tun	O
,	O
erklärt	O
Ifo	O
-	O
Ökonom	O
Carstensen	PERSON
.	O
Und	O
Wirtschaftssubjekte	O
können	O
ihr	O
Verhalten	O
ändern	O
,	O
wenn	O
sich	O
ihre	O
Erwartungen	O
bezüglich	O
der	O
Zukunft	O
ändern	O
.	O
Unternehmen	O
etwa	O
verzichten	O
auf	O
neue	O
Investitionen	O
,	O
wenn	O
allgemein	O
ein	O
konjunktureller	O
Abschwung	O
erwartet	O
wird	O
.	O
Was	O
aber	O
,	O
wenn	O
Ökonomen	O
fälschlich	O
einen	O
Abschwung	O
voraussagen	O
-	O
kommt	O
er	O
dann	O
trotzdem	O
,	O
als	O
Ergebnis	O
einer	O
sich	O
selbst	O
erfüllenden	O
Prognose	O
?	O
Von	O
Politikern	O
hört	O
man	O
gelegentlich	O
,	O
man	O
dürfe	O
den	O
Aufschwung	O
nicht	O
kaputtreden	O
.	O
Konjunkturforscher	O
Carstensen	PERSON
gibt	O
zwar	O
zu	O
,	O
dass	O
die	O
Psychologie	O
in	O
der	O
Wirtschaft	O
eine	O
große	O
Rolle	O
spielt	O
.	O
Ich	O
glaube	O
aber	O
nicht	O
,	O
dass	O
wir	O
Ökonomen	O
eine	O
solche	O
Macht	O
haben	O
,	O
die	O
Konjunktur	O
durch	O
unsere	O
Prognosen	O
zu	O
lenken	O
.	O
Genau	O
werde	O
man	O
es	O
aber	O
nie	O
wissen	O
,	O
experimentelle	O
Nachweise	O
sind	O
kaum	O
möglich	O
,	O
sagt	O
Carstensen	PERSON
und	O
fügt	O
scherzhaft	O
hinzu	O
:	O
Es	O
sei	O
denn	O
,	O
wir	O
fälschen	O
einmal	O
über	O
mehrere	O
Monate	O
den	O
Ifo-Konjunkturtest	O
und	O
den	O
Geschäftsklimaindex	O
und	O
schauen	O
dann	O
,	O
was	O
passiert	O
.	O
Wo	O
endet	O
die	O
Verantwortlichkeit	O
des	O
Staates	O
?	O
Und	O
wo	O
die	O
der	O
Vereinten	ORGANIZATION
Nationen	ORGANIZATION
?	O
Gerade	O
hat	O
ein	O
Gericht	O
in	O
Den	LOCATION
Haag	LOCATION
über	O
eine	O
Klage	O
von	O
Hinterbliebenen	O
des	O
Massakers	O
von	O
Srebrenica	LOCATION
entschieden	O
.	O
Es	O
war	O
ein	O
ordentliches	O
niederländisches	O
-LRB-	O
Land	O
-	O
-RRB-	O
Gericht	O
,	O
keins	O
der	O
sonst	O
noch	O
in	O
der	O
Hauptstadt	O
vertretenen	O
internationalen	O
Gerichte	O
.	O
Und	O
die	O
Klage	O
richtete	O
sich	O
gegen	O
die	O
Vereinten	ORGANIZATION
Nationen	ORGANIZATION
-	O
und	O
sie	O
scheiterte	O
.	O
Der	O
Grund	O
ist	O
ein	O
klassischer	O
:	O
Staaten	O
,	O
und	O
eben	O
auch	O
die	O
Vereinten	ORGANIZATION
Nationen	ORGANIZATION
,	O
genießen	O
Immunität	O
.	O
Nach	O
Auffassung	O
der	O
bosnischen	O
Klägerinnen	O
haften	O
der	O
niederländische	O
Staat	O
und	O
die	O
Vereinten	ORGANIZATION
Nationen	ORGANIZATION
für	O
den	O
Massenmord	O
.	O
Ihrer	O
Auffassung	O
nach	O
hatten	O
niederländische	O
UN-Blauhelme	O
die	O
muslimische	O
Bevölkerung	O
nicht	O
ausreichend	O
gegen	O
serbische	O
Truppen	O
geschützt	O
.	O
Srebrenica	LOCATION
stand	O
während	O
des	O
Bosnien-Krieges	O
unter	O
dem	O
Schutz	O
einer	O
niederländischen	O
Einheit	O
.	O
Serbische	O
Truppen	O
ermordeten	O
etwa	O
8000	O
Männer	O
und	O
Jungen	O
.	O
Anzeige	O
Doch	O
nach	O
Ansicht	O
der	O
niederländischen	O
Richter	O
sind	O
die	O
UN	ORGANIZATION
unantastbar	O
.	O
Das	O
garantiere	O
gerade	O
ihre	O
Unabhängigkeit	O
.	O
Über	O
die	O
Klage	O
gegen	O
den	O
niederländischen	O
Staat	O
ist	O
noch	O
nicht	O
entschieden	O
.	O
Der	O
Anwalt	O
der	O
Kläger	O
will	O
notfalls	O
bis	O
zum	O
Europäischen	ORGANIZATION
Gerichtshof	ORGANIZATION
für	ORGANIZATION
Menschenrechte	ORGANIZATION
in	O
Straßburg	LOCATION
gehen	O
.	O
Schwere	O
internationale	O
Verbrechen	O
dürfen	O
nicht	O
straflos	O
bleiben	O
Tatsächlich	O
stellt	O
sich	O
die	O
Frage	O
,	O
wer	O
haftet	O
,	O
wenn	O
staatliche	O
Organe	O
-	O
womöglich	O
im	O
internationalen	O
Rahmen	O
-	O
schwere	O
Menschenrechtsverletzungen	O
,	O
völkermordartige	O
Verbrechen	O
begehen	O
.	O
Diese	O
Frage	O
stellt	O
sich	O
nicht	O
nur	O
in	O
Bezug	O
auf	O
Srebrenica	LOCATION
-	O
hier	O
hat	O
das	O
Haager	ORGANIZATION
UN-Kriegsverbrechertribunal	ORGANIZATION
für	O
das	O
ehemalige	O
Jugoslawien	LOCATION
und	O
auch	O
der	O
Internationale	ORGANIZATION
Gerichtshof	ORGANIZATION
von	O
einem	O
Völkermord	O
gesprochen	O
-	O
,	O
sondern	O
auch	O
für	O
Verbrechen	O
in	O
der	O
Vergangenheit	O
.	O
Im	O
Auswärtigen	O
Amt	O
in	O
Berlin	LOCATION
zerbricht	O
man	O
sich	O
zurzeit	O
den	O
Kopf	O
darüber	O
,	O
wie	O
Deutschland	LOCATION
mit	O
der	O
erfolgreichen	O
Klage	O
griechischer	O
Besatzungsopfer	O
in	O
Italien	LOCATION
umgehen	O
soll	O
.	O
Sollte	O
man	O
vor	O
den	O
Internationalen	ORGANIZATION
Gerichtshof	ORGANIZATION
ziehen	O
-	O
oder	O
mit	O
Italien	LOCATION
eine	O
Einigung	O
treffen	O
?	O
Klar	O
ist	O
,	O
dass	O
heute	O
jedenfalls	O
schwere	O
internationale	O
Verbrechen	O
nicht	O
straflos	O
bleiben	O
können	O
,	O
das	O
zeigt	O
schon	O
die	O
Gründung	O
des	O
Internationalen	ORGANIZATION
Strafgerichtshofs	ORGANIZATION
.	O
Für	O
die	O
Vergangenheit	O
,	O
als	O
der	O
Menschenrechtsschutz	O
nur	O
in	O
Ansätzen	O
ausgeprägt	O
war	O
,	O
kann	O
man	O
das	O
dagegen	O
nicht	O
sagen	O
.	O
Was	O
ist	O
den	O
Vereinten	ORGANIZATION
Nationen	ORGANIZATION
zurechenbar	O
?	O
Und	O
was	O
bedeutet	O
das	O
für	O
die	O
Haftung	O
für	O
den	O
Völkermord	O
von	O
Srebrenica	LOCATION
?	O
Die	LOCATION
Niederlande	LOCATION
genießen	O
vor	O
ihren	O
eigenen	O
Gerichten	O
keine	O
Immunität	O
;	O
dieses	O
Verfahren	O
läuft	O
noch	O
.	O
Sollten	O
Handlungen	O
von	O
UN-Soldaten	O
dagegen	O
gar	O
nicht	O
gerichtlich	O
überprüfbar	O
sein	O
?	O
Helmut	PERSON
Aust	PERSON
von	O
der	O
Universität	ORGANIZATION
München	ORGANIZATION
warnte	O
am	O
Wochenende	O
auf	O
einer	O
vom	O
Berliner	O
Völkerrechtler	O
Georg	PERSON
Nolte	PERSON
veranstalteten	O
Tagung	O
aus	O
Anlass	O
des	O
sechzigjährigen	O
Bestehens	O
der	O
International	ORGANIZATION
Law	ORGANIZATION
Commission	ORGANIZATION
davor	O
,	O
dass	O
Verantwortlichkeit	O
zwischen	O
den	O
verschiedenen	O
Ebenen	O
verlorengehe	O
``	O
.	O
Diese	O
Gefahr	O
besteht	O
tatsächlich	O
,	O
wenn	O
man	O
insbesondere	O
auch	O
auf	O
die	O
Rechtsprechung	O
des	O
Europäischen	ORGANIZATION
Gerichtshofs	ORGANIZATION
für	ORGANIZATION
Menschenrechte	ORGANIZATION
mit	O
Blick	O
auf	O
den	O
Balkan-Einsatz	O
blickt	O
:	O
So	O
entschieden	O
die	O
Straßburger	O
Richter	O
,	O
dass	O
etwa	O
Verhaftungen	O
unter	O
das	O
Kfor-Mandat	O
fielen	O
und	O
die	O
Aufsicht	O
über	O
das	O
Räumen	O
von	O
Minen	O
unter	O
das	O
von	O
Unmik	ORGANIZATION
.	O
Da	O
die	O
Kfor	ORGANIZATION
rechtmäßig	O
delegierte	O
Befugnisse	O
des	O
Sicherheitsrats	ORGANIZATION
nach	O
Kapitel	O
VII	O
der	O
UN-Charta	O
ausübte	O
,	O
seien	O
die	O
Handlungen	O
von	O
Soldaten	O
aus	O
UN-Staaten	O
grundsätzlich	O
den	O
Vereinten	ORGANIZATION
Nationen	ORGANIZATION
zurechenbar	O
.	O
Das	O
gelte	O
auch	O
für	O
die	O
Unterlassung	O
von	O
Unmik	ORGANIZATION
,	O
einem	O
Organ	O
der	O
Vereinten	ORGANIZATION
Nationen	ORGANIZATION
,	O
das	O
dem	O
Sicherheitsrat	ORGANIZATION
direkt	O
unterstellt	O
war	O
.	O
Und	O
die	O
Vereinten	ORGANIZATION
Nationen	ORGANIZATION
sind	O
eine	O
Organisation	O
,	O
die	O
eine	O
von	O
ihren	O
Mitgliedstaaten	O
getrennte	O
Rechtspersönlichkeit	O
hat	O
und	O
nicht	O
Vertragspartei	O
der	O
Europäischen	O
Menschenrechtskonvention	O
ist	O
.	O
Aber	O
sind	O
deshalb	O
die	O
Staaten	O
nicht	O
mehr	O
verantwortlich	O
?	O
Der	O
Völkerrechtler	O
Jochen	PERSON
Frowein	PERSON
,	O
der	O
Deutschland	LOCATION
in	O
zahlreichen	O
Verfahren	O
vor	O
internationalen	O
Gerichten	O
vertrat	O
,	O
wies	O
in	O
München	LOCATION
auf	O
die	O
Gefahren	O
dieser	O
Entscheidung	O
hin	O
.	O
Der	O
Sicherheitsrat	ORGANIZATION
sollte	O
dadurch	O
gestärkt	O
werden	O
-	O
doch	O
auch	O
er	O
darf	O
nicht	O
zwingendes	O
Völkerrecht	O
verletzen	O
.	O
28	O
.	O
Juli	O
2008	O
Immer	O
noch	O
regiert	O
die	O
Tabubrechstange	O
,	O
und	O
wieder	O
wurde	O
die	O
inzwischen	O
bekannteste	O
aller	O
Urenkelinnen	O
am	O
Ende	O
mit	O
dieser	O
ganz	O
besonderen	O
Bayreuther	O
Variante	O
der	O
kalten	O
Dusche	O
bedacht	O
.	O
Keine	O
Überraschung	O
,	O
denn	O
gerade	O
noch	O
waren	O
Goethe	PERSON
und	O
Schiller	PERSON
,	O
am	O
Ende	O
der	O
Ansprache	O
des	O
Hans	PERSON
Sachs	PERSON
über	O
echt	O
deutsche	O
Kunst	O
und	O
welschen	O
Tand	O
``	O
,	O
als	O
monumentale	O
Muskelmänner	O
aus	O
dem	O
Boden	O
gefahren	O
,	O
hatten	O
die	O
deutschen	O
Meister	O
``	O
,	O
zombiehaft	O
maskiert	O
als	O
Bachbeethovenmozartwagnerundsoweiter	O
,	O
sich	O
zupackend	O
am	O
Gemächt	O
gespielt	O
,	O
war	O
das	O
Wettsingen	O
ums	O
Evchen	O
und	O
die	O
Ehre	O
als	O
eine	O
Supergala	O
der	O
Volksmusik	O
gezeigt	O
worden	O
--	O
und	O
vieles	O
mehr	O
.	O
Für	O
die	O
Liebeshandlung	O
zwischen	O
dem	O
Bürgermädchen	O
und	O
dem	O
Ritter-K	O
ünstler	O
interessiert	O
sich	O
die	O
Regisseurin	O
nach	O
wie	O
vor	O
kaum	O
.	O
Weshalb	O
diese	O
Geschichte	O
auch	O
nicht	O
mit	O
Flirt-Gepl	O
änkel	O
zwischen	O
Kirchenbänken	O
beginnt	O
,	O
sondern	O
in	O
einem	O
muffigen	O
Akademiesaal	O
.	O
Ernst	O
schauen	O
die	O
Meister	O
der	O
Vergangenheit	O
als	O
Gipsbüsten	O
auf	O
die	O
Versammlung	O
ihrer	O
Verweser	O
:	O
graue	O
Kultur-Handwerker	O
,	O
deren	O
einzige	O
Farbe	O
das	O
Gelb	O
der	O
Reclamheftchen	O
ist	O
,	O
auf	O
denen	O
ihre	O
Weisheit	O
gründet	O
.	O
Endlos	O
langweilig	O
die	O
Ansprachen	O
von	O
Kothner	O
,	O
Pogner	O
und	O
Co.	O
Anzeige	O
Hang	O
zur	O
Überdeutlichkeit	O
Dass	O
Hans	PERSON
Sachs	PERSON
anders	O
ist	O
als	O
diese	O
Zünftler	O
,	O
das	O
wird	O
uns	O
von	O
Katharina	PERSON
Wagner	PERSON
überklar	O
gemacht	O
mit	O
jenem	O
Hang	O
zu	O
szenischen	O
Tautologien	O
,	O
der	O
,	O
entgegen	O
der	O
gleichfalls	O
überdeutlichen	O
Absicht	O
,	O
es	O
anders	O
zu	O
machen	O
als	O
der	O
Papa	O
,	O
doch	O
genau	O
daran	O
erinnert	O
.	O
Also	O
raucht	O
dieser	O
Sachs	PERSON
Kette	O
,	O
trägt	O
das	O
schwarze	O
Hemd	O
einen	O
Knopf	O
zu	O
weit	O
offen	O
,	O
und	O
--	O
das	O
jedenfalls	O
ist	O
witzig	O
bei	O
einem	O
Schuhmacher	O
--	O
er	O
geht	O
barfuß	O
.	O
Wahrscheinlich	O
haut	O
er	O
statt	O
auf	O
Leder	O
lieber	O
auf	O
seine	O
alte	O
Schreibmaschine	O
.	O
Schon	O
deshalb	O
muss	O
ihn	O
dieser	O
Turnschuhtyp	O
Stolzing	O
interessieren	O
,	O
der	O
aus	O
einem	O
Piano	O
steigt	O
und	O
die	O
Herren	O
der	O
Akademie	ORGANIZATION
mit	O
einer	O
leichtfertig-genialischen	O
Über	O
-	O
Kreativität	O
erschreckt	O
:	O
Mal	O
macht	O
er	O
Musik	O
,	O
dann	O
malt	O
er	O
oder	O
macht	O
eine	O
Art	O
von	O
Buchstabenkunst	O
.	O
Zum	O
Thema	O
\*	O
Themenbox	O
Bayreuth	O
2008	O
Franz	PERSON
Hawlata	PERSON
spielt	O
die	O
Wandlung	O
des	O
Sachs	PERSON
vom	O
Antiautoritären	O
über	O
den	O
rotweinsüffelnden	O
Kunst-Erm	O
öglicher	O
zum	O
faschistoiden	O
Kunst-Prediger	O
weit	O
überzeugender	O
,	O
als	O
er	O
ihn	O
singen	O
kann	O
.	O
Dafür	O
erscheint	O
Klaus	PERSON
Florian	PERSON
Vogt	PERSON
mit	O
seinem	O
allerdings	O
betörend	O
hellen	O
,	O
immer	O
leicht	O
melancholischen	O
Ton	O
für	O
einen	O
Kunst-Krawallo	O
zu	O
sängerknabenhaft	O
.	O
Erst	O
wenn	O
er	O
am	O
Ende	O
das	O
Preislied	O
als	O
Schlagerstar	O
singt	O
,	O
passt	O
es	O
.	O
Umgekehrt	O
wird	O
aus	O
dem	O
Hochwasserhosenträger	O
und	O
Kultur-Pedanten	O
Beckmesser	O
am	O
Ende	O
ein	O
Rocker	O
.	O
Das	O
ist	O
zwar	O
nicht	O
plausibel	O
,	O
die	O
große	O
Gesangs	O
-	O
und	O
Darstellungskunst	O
von	O
Michael	PERSON
Volle	PERSON
beglaubigt	O
es	O
dennoch	O
.	O
Beckmessers	PERSON
Gegen-Performance	O
zum	O
Stolzing-Kitsch	O
aber	O
kommt	O
auf	O
der	O
Festwiese	O
,	O
die	O
hier	O
eine	O
Mischung	O
aus	O
Fernsehshow	O
und	O
Reichsparteitag	O
ist	O
,	O
beim	O
Volk	O
nicht	O
gut	O
an	O
,	O
trotz	O
des	O
Einsatzes	O
von	O
Nackerten	O
.	O
Pointen	O
verdrängen	O
die	O
wahre	O
Kunst	O
Zu	O
den	O
Ärgernissen	O
der	O
Inszenierung	O
gehört	O
,	O
dass	O
so	O
letztlich	O
jede	O
Kunst	O
``	O
denunziert	O
wird	O
,	O
als	O
museal	O
-LRB-	O
Reclam	O
-RRB-	O
oder	O
korrupt	O
-LRB-	O
Medien	O
-RRB-	O
oder	O
überhaupt	O
Blödsinn	O
.	O
Und	O
wo	O
in	O
den	O
Meistersingern	O
``	O
so	O
viel	O
von	O
Handwerk	O
die	O
Rede	O
ist	O
:	O
Von	O
Regiehandwerk	O
,	O
richtigem	O
Timing	O
,	O
der	O
Fähigkeit	O
,	O
Bewegungen	O
aus	O
der	O
Musik	O
zu	O
entwickeln	O
,	O
ist	O
wenig	O
zu	O
sehen	O
.	O
Auch	O
von	O
Humor	O
.	O
Man	O
kann	O
verstehen	O
,	O
dass	O
Katharina	PERSON
Wagner	PERSON
,	O
die	O
2015	O
einen	O
neuen	O
Tristan	O
``	O
in	O
Bayreuth	LOCATION
inszenieren	O
soll	O
,	O
eine	O
kritische	O
``	O
Haltung	O
zu	O
den	O
C-Dur-Affirmationen	O
des	O
Stückes	O
sucht	O
,	O
zum	O
Paraderummel	O
und	O
der	O
Sachs-Ansprache	O
über	O
die	O
wahre	O
deutsche	O
Kunst	O
.	O
Dass	O
sie	O
aber	O
sogar	O
den	O
musikalischen	O
Seligkeitsmoment	O
des	O
Quintetts	O
um	O
einer	O
flauen	O
Pointe	O
willen	O
entzaubert	O
,	O
beschädigt	O
mehr	O
als	O
ein	O
paar	O
schöne	O
Töne	O
:	O
Eine	O
spießige	O
Taufgesellschaft	O
stellt	O
sich	O
zum	O
Gruppenfoto-Freeze	O
auf	O
,	O
und	O
als	O
die	O
Musik	O
gar	O
nicht	O
aufhören	O
will	O
,	O
muss	O
ein	O
Knabe	O
dringend	O
Pipi	O
.	O
Walther	PERSON
von	O
Stolzing	PERSON
-LRB-	O
Klaus	O
Florian	PERSON
Vogt	PERSON
-RRB-	O
als	O
Turnschuhmacho	O
,	O
Sixtus	O
Beckmess	O
...	O
Walther	PERSON
von	PERSON
Stolzing	PERSON
-LRB-	O
Klaus	PERSON
Florian	PERSON
Vogt	PERSON
-RRB-	O
als	O
Turnschuhmacho	O
,	O
Sixtus	O
Beckmesser	O
-LRB-	O
Michael	PERSON
Volle	PERSON
-RRB-	O
als	O
Reclamheftchenpedant	O
Das	O
ist	O
nun	O
besonders	O
schade	O
,	O
weil	O
es	O
an	O
solchen	O
rein	O
musikalischen	O
Momenten	O
durchaus	O
fehlt	O
.	O
Sebastian	PERSON
Weigle	PERSON
gelingt	O
zwar	O
eine	O
schöne	O
Fliederduftigkeit	O
,	O
doch	O
schon	O
den	O
kontrapunktischen	O
Verdichtungen	O
des	O
Vorspiels	O
gibt	O
er	O
sich	O
so	O
ungebremst	O
hin	O
,	O
dass	O
vor	O
lauter	O
Temporückungen	O
und	O
-	O
rücknahmen	O
kein	O
großer	O
Sog	O
entstehen	O
kann	O
.	O
Und	O
mehr	O
als	O
im	O
ersten	O
Jahr	O
wackelt	O
die	O
Koordination	O
mit	O
den	O
Sängern	O
.	O
Michaela	PERSON
Kaune	PERSON
,	O
neu	O
im	O
Ensemble	O
,	O
wertet	O
die	O
Eva	PERSON
wenigstens	O
stimmlich	O
auf	O
.	O
Norbert	PERSON
Ernst	PERSON
hätte	O
mit	O
mehr	O
Kontakt	O
zum	O
Orchester	O
einen	O
sehr	O
guten	O
David	PERSON
gesungen	O
.	O
Ansonsten	O
viel	O
Bayreuther	O
Mittelmaß	O
--	O
und	O
der	O
großartige	O
Chor	O
.	O
Bayreuth	LOCATION
ist	O
Pop	O
Dreißigtausend	O
sollen	O
sich	O
vor	O
der	O
Riesenleinwand	O
zur	O
ersten	O
Freiluftübertragung	O
aus	O
dem	O
Festspielhaus	O
eingefunden	O
haben	O
.	O
Das	O
Wetter	O
spielte	O
mit	O
,	O
die	O
Stimmung	O
war	O
blendend	O
.	O
Public	O
Viewing	O
``	O
,	O
die	O
Festspiele	O
als	O
-LRB-	O
kostenpflichtiger	O
-RRB-	O
LiveStream	O
im	O
Internet	O
,	O
DVD-Produktion	O
:	O
Das	O
neueste	O
Neu-Bayreuth	O
arbeitet	O
erfolgreich	O
an	O
der	O
Verlängerung	O
der	O
Verwertungsketten	O
.	O
Dass	O
ausgerechnet	O
Katharina	PERSON
Wagners	PERSON
teure	O
,	O
aber	O
misslungene	O
Meistersinger	O
``	O
durch	O
die	O
neuen	O
Kanäle	O
geschickt	O
werden	O
,	O
kann	O
man	O
künstlerisch	O
beklagen	O
;	O
medial-betriebswirtschaftlich	O
spielt	O
das	O
keine	O
Rolle	O
:	O
Das	O
neue	O
Bayreuth	O
ist	O
Pop	O
,	O
und	O
Katharina	PERSON
ist	O
seine	O
Prinzessin	O
.	O
Als	O
Stil-Ikone	O
ist	O
sie	O
am	O
Ende	O
hundertfach	O
im	O
Chor	O
gedoubelt	O
,	O
womöglich	O
eine	O
Ironie	O
.	O
Denkt	O
auch	O
an	O
die	O
Verwertungskette	O
:	O
Public	O
Viewing-Premiere	O
in	O
Bayreuth	LOCATION
Denkt	O
auch	O
an	O
die	O
Verwertungskette	O
:	O
Public	O
Viewing-Premiere	O
in	O
Bayreuth	LOCATION
Was	O
aber	O
will	O
es	O
uns	O
sagen	O
,	O
wenn	O
der	O
faschistoide	O
Spuk	O
der	O
Festwiese	O
aus	O
der	O
gleichsam	O
anachronistischen	O
Mutation	O
des	O
68er-Sachs	O
gedeutet	O
wird	O
?	O
Kurzschlüssig	O
wäre	O
,	O
das	O
bloße	O
Herzeigen	O
von	O
Nazisymbolik	O
bereits	O
als	O
Aufarbeitung	O
``	O
zu	O
verstehen	O
:	O
Die	O
Verirrungen	O
der	O
Linken	O
``	O
waren	O
für	O
die	O
Bayreuther	O
Firmengeschichte	O
wohl	O
nicht	O
das	O
Problem	O
.	O
Dass	O
dennoch	O
,	O
im	O
Vorgriff	O
auf	O
die	O
erwarteten	O
Negativreaktionen	O
,	O
ein	O
Produktionsteam	O
auf	O
der	O
Bühne	O
mit	O
allerhand	O
Gerümpel	O
in	O
einer	O
Blechkiste	O
verbrannt	O
wird	O
,	O
woran	O
sich	O
dann	O
Sachs	PERSON
und	O
Co	O
,	O
riefenstahlartig	O
von	O
unten	O
beleuchtet	O
,	O
die	O
Hände	O
wärmen	O
,	O
ist	O
das	O
Gegenteil	O
selbstkritischer	O
Reflexion	O
der	O
bösen	O
braunen	O
Vergangenheit	O
.	O
Man	O
kann	O
,	O
man	O
darf	O
das	O
einfach	O
auch	O
geschmacklos	O
finden	O
.	O
Es	O
wird	O
viel	O
geputzt	O
in	O
den	O
neuen	O
Bayreuther	O
Meistersingern	O
``	O
,	O
das	O
große	O
Reinemachen	O
hat	O
eben	O
erst	O
angefangen	O
.	O
I.	O
Als	O
Gregor	PERSON
Samsa	PERSON
eines	O
Morgens	O
aus	O
unruhigen	O
Träumen	O
erwachte	O
,	O
fand	O
er	O
sich	O
in	O
seinem	O
Bett	O
zu	O
einem	O
ungeheuren	O
Ungeziefer	O
verwandelt	O
.	O
Er	O
lag	O
auf	O
seinem	O
panzerartig	O
harten	O
Rücken	O
und	O
sah	O
,	O
wenn	O
er	O
den	O
Kopf	O
ein	O
wenig	O
hob	O
,	O
seinen	O
gewölbten	O
,	O
braunen	O
,	O
von	O
bogenförmigen	O
Versteifungen	O
geteilten	O
Bauch	O
,	O
auf	O
dessen	O
Höhe	O
sich	O
die	O
Bettdecke	O
,	O
zum	O
gänzlichen	O
Niedergleiten	O
bereit	O
,	O
kaum	O
noch	O
erhalten	O
konnte	O
.	O
Seine	O
vielen	O
,	O
im	O
Vergleich	O
zu	O
seinem	O
sonstigen	O
Umfang	O
kläglich	O
dünnen	O
Beine	O
flimmerten	O
ihm	O
hilflos	O
vor	O
den	O
Augen	O
.	O
Was	O
ist	O
mit	O
mir	O
geschehen	O
?	O
dachte	O
er	O
.	O
Es	O
war	O
kein	O
Traum	O
.	O
Sein	O
Zimmer	O
,	O
ein	O
richtiges	O
,	O
nur	O
etwas	O
zu	O
kleines	O
Menschenzimmer	O
,	O
lag	O
ruhig	O
zwischen	O
den	O
vier	O
wohlbekannten	O
Wänden	O
.	O
Über	O
dem	O
Tisch	O
,	O
auf	O
dem	O
eine	O
auseinandergepackte	O
Musterkollektion	O
von	O
Tuchwaren	O
ausgebreitet	O
war	O
--	O
Samsa	PERSON
war	O
Reisender	O
--	O
,	O
hing	O
das	O
Bild	O
,	O
das	O
er	O
vor	O
kurzem	O
aus	O
einer	O
illustrierten	O
Zeitschrift	O
ausgeschnitten	O
und	O
in	O
einem	O
hübschen	O
,	O
vergoldeten	O
Rahmen	O
untergebracht	O
hatte	O
.	O
Es	O
stellte	O
eine	O
Dame	O
dar	O
,	O
die	O
,	O
mit	O
einem	O
Pelzhut	O
und	O
einer	O
Pelzboa	O
versehen	O
,	O
aufrecht	O
dasaß	O
und	O
einen	O
schweren	O
Pelzmuff	O
,	O
in	O
dem	O
ihr	O
ganzer	O
Unterarm	O
verschwunden	O
war	O
,	O
dem	O
Beschauer	O
entgegenhob	O
.	O
Gregors	O
Blick	O
richtete	O
sich	O
dann	O
zum	O
Fenster	O
,	O
und	O
das	O
trübe	O
Wetter	O
--	O
man	O
hörte	O
Regentropfen	O
auf	O
das	O
Fensterblech	O
aufschlagen	O
--	O
machte	O
ihn	O
ganz	O
melancholisch	O
.	O
Wie	O
wäre	O
es	O
,	O
wenn	O
ich	O
noch	O
ein	O
wenig	O
weiterschliefe	O
und	O
alle	O
Narrheiten	O
vergäße	O
,	O
dachte	O
er	O
,	O
aber	O
das	O
war	O
gänzlich	O
undurchführbar	O
,	O
denn	O
er	O
war	O
gewöhnt	O
,	O
auf	O
der	O
rechten	O
Seite	O
zu	O
schlafen	O
,	O
konnte	O
sich	O
aber	O
in	O
seinem	O
gegenwärtigen	O
Zustand	O
nicht	O
in	O
diese	O
Lage	O
bringen	O
.	O
Mit	O
welcher	O
Kraft	O
er	O
sich	O
auch	O
auf	O
die	O
rechte	O
Seite	O
warf	O
,	O
immer	O
wieder	O
schaukelte	O
er	O
in	O
die	O
Rückenlage	O
zurück	O
.	O
Er	O
versuchte	O
es	O
wohl	O
hundertmal	O
,	O
schloß	O
die	O
Augen	O
,	O
um	O
die	O
zappelnden	O
Beine	O
nicht	O
sehen	O
zu	O
müssen	O
,	O
und	O
ließ	O
erst	O
ab	O
,	O
als	O
er	O
in	O
der	O
Seite	O
einen	O
noch	O
nie	O
gefühlten	O
,	O
leichten	O
,	O
dumpfen	O
Schmerz	O
zu	O
fühlen	O
begann	O
.	O
Ach	O
Gott	O
,	O
dachte	O
er	O
,	O
was	O
für	O
einen	O
anstrengenden	O
Beruf	O
habe	O
ich	O
gewählt	O
!	O
Tag	O
aus	O
,	O
Tag	O
ein	O
auf	O
der	O
Reise	O
.	O
Die	O
geschäftlichen	O
Aufregungen	O
sind	O
viel	O
größer	O
,	O
als	O
im	O
eigentlichen	O
Geschäft	O
zu	O
Hause	O
,	O
und	O
außerdem	O
ist	O
mir	O
noch	O
diese	O
Plage	O
des	O
Reisens	O
auferlegt	O
,	O
die	O
Sorgen	O
um	O
die	O
Zuganschlüsse	O
,	O
das	O
unregelmäßige	O
,	O
schlechte	O
Essen	O
,	O
ein	O
immer	O
wechselnder	O
,	O
nie	O
andauernder	O
,	O
nie	O
herzlich	O
werdender	O
menschlicher	O
Verkehr	O
.	O
Der	O
Teufel	O
soll	O
das	O
alles	O
holen	O
!	O
Er	O
fühlte	O
ein	O
leichtes	O
Jucken	O
oben	O
auf	O
dem	O
Bauch	O
;	O
schob	O
sich	O
auf	O
dem	O
Rücken	O
langsam	O
näher	O
zum	O
Bettpfosten	O
,	O
um	O
den	O
Kopf	O
besser	O
heben	O
zu	O
können	O
;	O
fand	O
die	O
juckende	O
Stelle	O
,	O
die	O
mit	O
lauter	O
kleinen	O
weißen	O
Pünktchen	O
besetzt	O
war	O
,	O
die	O
er	O
nicht	O
zu	O
beurteilen	O
verstand	O
;	O
und	O
wollte	O
mit	O
einem	O
Bein	O
die	O
Stelle	O
betasten	O
,	O
zog	O
es	O
aber	O
gleich	O
zurück	O
,	O
denn	O
bei	O
der	O
Berührung	O
umwehten	O
ihn	O
Kälteschauer	O
.	O
Er	O
glitt	O
wieder	O
in	O
seine	O
frühere	O
Lage	O
zurück	O
.	O
Dies	O
frühzeitige	O
Aufstehen	O
,	O
dachte	O
er	O
,	O
macht	O
einen	O
ganz	O
blödsinnig	O
.	O
Der	O
Mensch	O
muß	O
seinen	O
Schlaf	O
haben	O
.	O
Andere	O
Reisende	O
leben	O
wie	O
Haremsfrauen	O
.	O
Wenn	O
ich	O
zum	O
Beispiel	O
im	O
Laufe	O
des	O
Vormittags	O
ins	O
Gasthaus	O
zurückgehe	O
,	O
um	O
die	O
erlangten	O
Aufträge	O
zu	O
überschreiben	O
,	O
sitzen	O
diese	O
Herren	O
erst	O
beim	O
Frühstück	O
.	O
Das	O
sollte	O
ich	O
bei	O
meinem	O
Chef	O
versuchen	O
;	O
ich	O
würde	O
auf	O
der	O
Stelle	O
hinausfliegen	O
.	O
Wer	O
weiß	O
übrigens	O
,	O
ob	O
das	O
nicht	O
sehr	O
gut	O
für	O
mich	O
wäre	O
.	O
Wenn	O
ich	O
mich	O
nicht	O
wegen	O
meiner	O
Eltern	O
zurückhielte	O
,	O
ich	O
hätte	O
längst	O
gekündigt	O
,	O
ich	O
wäre	O
vor	O
den	O
Chef	O
hingetreten	O
und	O
hätte	O
ihm	O
meine	O
Meinung	O
von	O
Grund	O
des	O
Herzens	O
aus	O
gesagt	O
.	O
Vom	O
Pult	O
hätte	O
er	O
fallen	O
müssen	O
!	O
Es	O
ist	O
auch	O
eine	O
sonderbare	O
Art	O
,	O
sich	O
auf	O
das	O
Pult	O
zu	O
setzen	O
und	O
von	O
der	O
Höhe	O
herab	O
mit	O
dem	O
Angestellten	O
zu	O
reden	O
,	O
der	O
überdies	O
wegen	O
der	O
Schwerhörigkeit	O
des	O
Chefs	O
ganz	O
nahe	O
herantreten	O
muß	O
.	O
Nun	O
,	O
die	O
Hoffnung	O
ist	O
noch	O
nicht	O
gänzlich	O
aufgegeben	O
,	O
habe	O
ich	O
einmal	O
das	O
Geld	O
beisammen	O
,	O
um	O
die	O
Schuld	O
der	O
Eltern	O
an	O
ihn	O
abzuzahlen	O
--	O
es	O
dürfte	O
noch	O
fünf	O
bis	O
sechs	O
Jahre	O
dauern	O
--	O
,	O
mache	O
ich	O
die	O
Sache	O
unbedingt	O
.	O
Dann	O
wird	O
der	O
große	O
Schnitt	O
gemacht	O
.	O
Vorläufig	O
allerdings	O
muß	O
ich	O
aufstehen	O
,	O
denn	O
mein	O
Zug	O
fährt	O
um	O
fünf	O
.	O
Und	O
er	O
sah	O
zur	O
Weckuhr	O
hinüber	O
,	O
die	O
auf	O
dem	O
Kasten	O
tickte	O
.	O
Himmlischer	O
Vater	O
!	O
dachte	O
er	O
,	O
Es	O
war	O
halb	O
sieben	O
Uhr	O
,	O
und	O
die	O
Zeiger	O
gingen	O
ruhig	O
vorwärts	O
,	O
es	O
war	O
sogar	O
halb	O
vorüber	O
,	O
es	O
näherte	O
sich	O
schon	O
dreiviertel	O
.	O
Sollte	O
der	O
Wecker	O
nicht	O
geläutet	O
haben	O
?	O
Man	O
sah	O
vom	O
Bett	O
aus	O
,	O
daß	O
er	O
auf	O
vier	O
Uhr	O
richtig	O
eingestellt	O
war	O
;	O
gewiß	O
hatte	O
er	O
auch	O
geläutet	O
.	O
Ja	O
,	O
aber	O
war	O
es	O
möglich	O
,	O
dieses	O
möbelerschütternde	O
Läuten	O
ruhig	O
zu	O
verschlafen	O
?	O
Nun	O
,	O
ruhig	O
hatte	O
er	O
ja	O
nicht	O
geschlafen	O
,	O
aber	O
wahrscheinlich	O
desto	O
fester	O
.	O
Was	O
aber	O
sollte	O
er	O
jetzt	O
tun	O
?	O
Der	O
nächste	O
Zug	O
ging	O
um	O
sieben	O
Uhr	O
;	O
um	O
den	O
einzuholen	O
,	O
hätte	O
er	O
sich	O
unsinnig	O
beeilen	O
müssen	O
,	O
und	O
die	O
Kollektion	O
war	O
noch	O
nicht	O
eingepackt	O
,	O
und	O
er	O
selbst	O
fühlte	O
sich	O
durchaus	O
nicht	O
besonders	O
frisch	O
und	O
beweglich	O
.	O
Und	O
selbst	O
wenn	O
er	O
den	O
Zug	O
einholte	O
,	O
ein	O
Donnerwetter	O
des	O
Chefs	O
war	O
nicht	O
zu	O
vermeiden	O
,	O
denn	O
der	O
Geschäftsdiener	O
hatte	O
beim	O
Fünfuhrzug	O
gewartet	O
und	O
die	O
Meldung	O
von	O
seiner	O
Versäumnis	O
längst	O
erstattet	O
.	O
Es	O
war	O
eine	O
Kreatur	O
des	O
Chefs	O
,	O
ohne	O
Rückgrat	O
und	O
Verstand	O
.	O
Wie	O
nun	O
,	O
wenn	O
er	O
sich	O
krank	O
meldete	O
?	O
Das	O
wäre	O
aber	O
äußerst	O
peinlich	O
und	O
verdächtig	O
,	O
denn	O
Gregor	PERSON
war	O
während	O
seines	O
fünfjährigen	O
Dienstes	O
noch	O
nicht	O
einmal	O
krank	O
gewesen	O
.	O
Gewiß	O
würde	O
der	O
Chef	O
mit	O
dem	O
Krankenkassenarzt	O
kommen	O
,	O
würde	O
den	O
Eltern	O
wegen	O
des	O
faulen	O
Sohnes	O
Vorwürfe	O
machen	O
und	O
alle	O
Einwände	O
durch	O
den	O
Hinweis	O
auf	O
den	O
Krankenkassenarzt	O
abschneiden	O
,	O
für	O
den	O
es	O
ja	O
überhaupt	O
nur	O
ganz	O
gesunde	O
,	O
aber	O
arbeitsscheue	O
Menschen	O
gibt	O
.	O
Und	O
hätte	O
er	O
übrigens	O
in	O
diesem	O
Falle	O
so	O
ganz	O
unrecht	O
?	O
Gregor	PERSON
fühlte	O
sich	O
tatsächlich	O
,	O
abgesehen	O
von	O
einer	O
nach	O
dem	O
langen	O
Schlaf	O
wirklich	O
überflüssigen	O
Schläfrigkeit	O
,	O
ganz	O
wohl	O
und	O
hatte	O
sogar	O
einen	O
besonders	O
kräftigen	O
Hunger	O
.	O
Als	O
er	O
dies	O
alles	O
in	O
größter	O
Eile	O
überlegte	O
,	O
ohne	O
sich	O
entschließen	O
zu	O
können	O
,	O
das	O
Bett	O
zu	O
verlassen	O
--	O
gerade	O
schlug	O
der	O
Wecker	O
dreiviertel	O
sieben	O
--	O
klopfte	O
es	O
vorsichtig	O
an	O
die	O
Tür	O
am	O
Kopfende	O
seines	O
Bettes	O
.	O
Gregor	PERSON
,	O
rief	O
es	O
--	O
es	O
war	O
die	O
Mutter	O
--	O
,	O
es	O
ist	O
dreiviertel	O
sieben	O
.	O
Wolltest	O
du	O
nicht	O
wegfahren	O
?	O
Die	O
sanfte	O
Stimme	O
!	O
Gregor	PERSON
erschrak	O
,	O
als	O
er	O
seine	O
antwortende	O
Stimme	O
hörte	O
,	O
die	O
wohl	O
unverkennbar	O
seine	O
frühere	O
war	O
,	O
in	O
die	O
sich	O
aber	O
,	O
wie	O
von	O
unten	O
her	O
,	O
ein	O
nicht	O
zu	O
unterdrückendes	O
,	O
schmerzliches	O
Piepsen	O
mischte	O
,	O
das	O
die	O
Worte	O
förmlich	O
nur	O
im	O
ersten	O
Augenblick	O
in	O
ihrer	O
Deutlichkeit	O
beließ	O
,	O
um	O
sie	O
im	O
Nachklang	O
derart	O
zu	O
zerstören	O
,	O
daß	O
man	O
nicht	O
wußte	O
,	O
ob	O
man	O
recht	O
gehört	O
hatte	O
.	O
Gregor	PERSON
hatte	O
ausführlich	O
antworten	O
und	O
alles	O
erklären	O
wollen	O
,	O
beschränkte	O
sich	O
aber	O
bei	O
diesen	O
Umständen	O
darauf	O
,	O
zu	O
sagen	O
:	O
Ja	O
,	O
ja	O
,	O
danke	O
,	O
Mutter	O
,	O
ich	O
stehe	O
schon	O
auf	O
.	O
Infolge	O
der	O
Holztür	O
war	O
die	O
Veränderung	O
in	O
Gregors	O
Stimme	O
draußen	O
wohl	O
nicht	O
zu	O
merken	O
,	O
denn	O
die	O
Mutter	O
beruhigte	O
sich	O
mit	O
dieser	O
Erklärung	O
und	O
schlürfte	O
davon	O
.	O
Aber	O
durch	O
das	O
kleine	O
Gespräch	O
waren	O
die	O
anderen	O
Familienmitglieder	O
darauf	O
aufmerksam	O
geworden	O
,	O
daß	O
Gregor	PERSON
wider	O
Erwarten	O
noch	O
zu	O
Hause	O
war	O
,	O
und	O
schon	O
klopfte	O
an	O
der	O
einen	O
Seitentür	O
der	O
Vater	O
,	O
schwach	O
,	O
aber	O
mit	O
der	O
Faust	O
.	O
Gregor	PERSON
,	O
Gregor	PERSON
,	O
rief	O
er	O
,	O
was	O
ist	O
denn	O
?	O
Und	O
nach	O
einer	O
kleinen	O
Weile	O
mahnte	O
er	O
nochmals	O
mit	O
tieferer	O
Stimme	O
:	O
Gregor	PERSON
!	O
Gregor	PERSON
!	O
An	O
der	O
anderen	O
Seitentür	O
aber	O
klagte	O
leise	O
die	O
Schwester	O
:	O
Gregor	PERSON
?	O
Ist	O
dir	O
nicht	O
wohl	O
?	O
Brauchst	O
du	O
etwas	O
?	O
Nach	O
beiden	O
Seiten	O
hin	O
antwortete	O
Gregor	PERSON
:	O
Bin	O
schon	O
fertig	O
,	O
und	O
bemühte	O
sich	O
,	O
durch	O
die	O
sorgfältigste	O
Aussprache	O
und	O
durch	O
Einschaltung	O
von	O
langen	O
Pausen	O
zwischen	O
den	O
einzelnen	O
Worten	O
seiner	O
Stimme	O
alles	O
Auffallende	O
zu	O
nehmen	O
.	O
Der	O
Vater	O
kehrte	O
auch	O
zu	O
seinem	O
Frühstück	O
zurück	O
,	O
die	O
Schwester	O
aber	O
flüsterte	O
:	O
Gregor	PERSON
,	O
mach	O
auf	O
,	O
ich	O
beschwöre	O
dich	O
.	O
Gregor	PERSON
aber	O
dachte	O
gar	O
nicht	O
daran	O
aufzumachen	O
,	O
sondern	O
lobte	O
die	O
vom	O
Reisen	O
her	O
übernommene	O
Vorsicht	O
,	O
auch	O
zu	O
Hause	O
alle	O
Türen	O
während	O
der	O
Nacht	O
zu	O
versperren	O
.	O
Zunächst	O
wollte	O
er	O
ruhig	O
und	O
ungestört	O
aufstehen	O
,	O
sich	O
anziehen	O
und	O
vor	O
allem	O
frühstücken	O
,	O
und	O
dann	O
erst	O
das	O
Weitere	O
überlegen	O
,	O
denn	O
,	O
das	O
merkte	O
er	O
wohl	O
,	O
im	O
Bett	O
würde	O
er	O
mit	O
dem	O
Nachdenken	O
zu	O
keinem	O
vernünftigen	O
Ende	O
kommen	O
.	O
Er	O
erinnerte	O
sich	O
,	O
schon	O
öfters	O
im	O
Bett	O
irgendeinen	O
vielleicht	O
durch	O
ungeschicktes	O
Liegen	O
erzeugten	O
,	O
leichten	O
Schmerz	O
empfunden	O
zu	O
haben	O
,	O
der	O
sich	O
dann	O
beim	O
Aufstehen	O
als	O
reine	O
Einbildung	O
herausstellte	O
,	O
und	O
er	O
war	O
gespannt	O
,	O
wie	O
sich	O
seine	O
heutigen	O
Vorstellungen	O
allmählich	O
auflösen	O
würden	O
.	O
Daß	O
die	O
Veränderung	O
der	O
Stimme	O
nichts	O
anderes	O
war	O
als	O
der	O
Vorbote	O
einer	O
tüchtigen	O
Verkühlung	O
,	O
einer	O
Berufskrankheit	O
der	O
Reisenden	O
,	O
daran	O
zweifelte	O
er	O
nicht	O
im	O
geringsten	O
.	O
Die	O
Decke	O
abzuwerfen	O
war	O
ganz	O
einfach	O
;	O
er	O
brauchte	O
sich	O
nur	O
ein	O
wenig	O
aufzublasen	O
und	O
sie	O
fiel	O
von	O
selbst	O
.	O
Aber	O
weiterhin	O
wurde	O
es	O
schwierig	O
,	O
besonders	O
weil	O
er	O
so	O
ungemein	O
breit	O
war	O
.	O
Er	O
hätte	O
Arme	O
und	O
Hände	O
gebraucht	O
,	O
um	O
sich	O
aufzurichten	O
;	O
statt	O
dessen	O
aber	O
hatte	O
er	O
nur	O
die	O
vielen	O
Beinchen	O
,	O
die	O
ununterbrochen	O
in	O
der	O
verschiedensten	O
Bewegung	O
waren	O
und	O
die	O
er	O
überdies	O
nicht	O
beherrschen	O
konnte	O
.	O
Wollte	O
er	O
eines	O
einmal	O
einknicken	O
,	O
so	O
war	O
es	O
das	O
erste	O
,	O
daß	O
er	O
sich	O
streckte	O
;	O
und	O
gelang	O
es	O
ihm	O
endlich	O
,	O
mit	O
diesem	O
Bein	O
das	O
auszuführen	O
,	O
was	O
er	O
wollte	O
,	O
so	O
arbeiteten	O
inzwischen	O
alle	O
anderen	O
,	O
wie	O
freigelassen	O
,	O
in	O
höchster	O
,	O
schmerzlicher	O
Aufregung	O
.	O
Nur	O
sich	O
nicht	O
im	O
Bett	O
unnütz	O
aufhalten	O
,	O
sagte	O
sich	O
Gregor	PERSON
.	O
Zuerst	O
wollte	O
er	O
mit	O
dem	O
unteren	O
Teil	O
seines	O
Körpers	O
aus	O
dem	O
Bett	O
hinauskommen	O
,	O
aber	O
dieser	O
untere	O
Teil	O
,	O
den	O
er	O
übrigens	O
noch	O
nicht	O
gesehen	O
hatte	O
und	O
von	O
dem	O
er	O
sich	O
auch	O
keine	O
rechte	O
Vorstellung	O
machen	O
konnte	O
,	O
erwies	O
sich	O
als	O
zu	O
schwer	O
beweglich	O
;	O
es	O
ging	O
so	O
langsam	O
;	O
und	O
als	O
er	O
schließlich	O
,	O
fast	O
wild	O
geworden	O
,	O
mit	O
gesammelter	O
Kraft	O
,	O
ohne	O
Rücksicht	O
sich	O
vorwärtsstieß	O
,	O
hatte	O
er	O
die	O
Richtung	O
falsch	O
gewählt	O
,	O
schlug	O
an	O
den	O
unteren	O
Bettpfosten	O
heftig	O
an	O
,	O
und	O
der	O
brennende	O
Schmerz	O
,	O
den	O
er	O
empfand	O
,	O
belehrte	O
ihn	O
,	O
daß	O
gerade	O
der	O
untere	O
Teil	O
seines	O
Körpers	O
augenblicklich	O
vielleicht	O
der	O
empfindlichste	O
war	O
.	O
Er	O
versuchte	O
es	O
daher	O
,	O
zuerst	O
den	O
Oberkörper	O
aus	O
dem	O
Bett	O
zu	O
bekommen	O
,	O
und	O
drehte	O
vorsichtig	O
den	O
Kopf	O
dem	O
Bettrand	O
zu	O
.	O
Dies	O
gelang	O
auch	O
leicht	O
,	O
und	O
trotz	O
ihrer	O
Breite	O
und	O
Schwere	O
folgte	O
schließlich	O
die	O
Körpermasse	O
langsam	O
der	O
Wendung	O
des	O
Kopfes	O
.	O
Aber	O
als	O
er	O
den	O
Kopf	O
endlich	O
außerhalb	O
des	O
Bettes	O
in	O
der	O
freien	O
Luft	O
hielt	O
,	O
bekam	O
er	O
Angst	O
,	O
weiter	O
auf	O
diese	O
Weise	O
vorzurücken	O
,	O
denn	O
wenn	O
er	O
sich	O
schließlich	O
so	O
fallen	O
ließ	O
,	O
mußte	O
geradezu	O
ein	O
Wunder	O
geschehen	O
wenn	O
der	O
Kopf	O
nicht	O
verletzt	O
werden	O
sollte	O
.	O
Und	O
die	O
Besinnung	O
durfte	O
er	O
gerade	O
jetzt	O
um	O
keinen	O
Preis	O
verlieren	O
;	O
lieber	O
wollte	O
er	O
im	O
Bett	O
bleiben	O
.	O
Aber	O
als	O
er	O
wieder	O
nach	O
gleicher	O
Mühe	O
aufseufzend	O
so	O
dalag	O
wie	O
früher	O
,	O
und	O
wieder	O
seine	O
Beinchen	O
womöglich	O
noch	O
ärger	O
gegeneinander	O
kämpfen	O
sah	O
und	O
keine	O
Möglichkeit	O
fand	O
,	O
in	O
diese	O
Willkür	O
Ruhe	O
und	O
Ordnung	O
zu	O
bringen	O
,	O
sagte	O
er	O
sich	O
wieder	O
,	O
daß	O
er	O
unmöglich	O
im	O
Bett	O
bleiben	O
könne	O
und	O
daß	O
es	O
das	O
Vernünftigste	O
sei	O
,	O
alles	O
zu	O
opfern	O
,	O
wenn	O
auch	O
nur	O
die	O
kleinste	O
Hoffnung	O
bestünde	O
,	O
sich	O
dadurch	O
vom	O
Bett	O
zu	O
befreien	O
.	O
Gleichzeitig	O
aber	O
vergaß	O
er	O
nicht	O
,	O
sich	O
zwischendurch	O
daran	O
zu	O
erinnern	O
,	O
daß	O
viel	O
besser	O
als	O
verzweifelte	O
Entschlüsse	O
ruhige	O
und	O
ruhigste	O
Überlegung	O
sei	O
.	O
In	O
solchen	O
Augenblicken	O
richtete	O
er	O
die	O
Augen	O
möglichst	O
scharf	O
auf	O
das	O
Fenster	O
,	O
aber	O
leider	O
war	O
aus	O
dem	O
Anblick	O
des	O
Morgennebels	O
,	O
der	O
sogar	O
die	O
andere	O
Seite	O
der	O
engen	O
Straße	O
verhüllte	O
,	O
wenig	O
Zuversicht	O
und	O
Munterkeit	O
zu	O
holen	O
.	O
Schon	O
sieben	O
Uhr	O
,	O
sagte	O
er	O
sich	O
beim	O
neuerlichen	O
Schlagen	O
des	O
Weckers	O
,	O
schon	O
sieben	O
Uhr	O
und	O
noch	O
immer	O
ein	O
solcher	O
Nebel	O
.	O
Und	O
ein	O
Weilchen	O
lang	O
lag	O
er	O
ruhig	O
mit	O
schwachem	O
Atem	O
,	O
als	O
erwarte	O
er	O
vielleicht	O
von	O
der	O
völligen	O
Stille	O
die	O
Wiederkehr	O
der	O
wirklichen	O
und	O
selbstverständlichen	O
Verhältnisse	O
.	O
Dann	O
aber	O
sagte	O
er	O
sich	O
:	O
Ehe	O
es	O
einviertel	O
acht	O
schlägt	O
,	O
muß	O
ich	O
unbedingt	O
das	O
Bett	O
vollständig	O
verlassen	O
haben	O
.	O
Im	O
übrigen	O
wird	O
auch	O
bis	O
dahin	O
jemand	O
aus	O
dem	O
Geschäft	O
kommen	O
,	O
um	O
nach	O
mir	O
zu	O
fragen	O
,	O
denn	O
das	O
Geschäft	O
wird	O
vor	O
sieben	O
Uhr	O
geöffnet	O
.	O
Und	O
er	O
machte	O
sich	O
nun	O
daran	O
,	O
den	O
Körper	O
in	O
seiner	O
ganzen	O
Länge	O
vollständig	O
gleichmäßig	O
aus	O
dem	O
Bett	O
hinauszuschaukeln	O
.	O
Wenn	O
er	O
sich	O
auf	O
diese	O
Weise	O
aus	O
dem	O
Bett	O
fallen	O
ließ	O
,	O
blieb	O
der	O
Kopf	O
,	O
den	O
er	O
beim	O
Fall	O
scharf	O
heben	O
wollte	O
,	O
voraussichtlich	O
unverletzt	O
.	O
Der	O
Rücken	O
schien	O
hart	O
zu	O
sein	O
;	O
dem	O
würde	O
wohl	O
bei	O
dem	O
Fall	O
auf	O
den	O
Teppich	O
nichts	O
geschehen	O
.	O
Das	O
größte	O
Bedenken	O
machte	O
ihm	O
die	O
Rücksicht	O
auf	O
den	O
lauten	O
Krach	O
,	O
den	O
es	O
geben	O
müßte	O
und	O
der	O
wahrscheinlich	O
hinter	O
allen	O
Türen	O
wenn	O
nicht	O
Schrecken	O
,	O
so	O
doch	O
Besorgnisse	O
erregen	O
würde	O
.	O
Das	O
mußte	O
aber	O
gewagt	O
werden	O
.	O
Als	O
Gregor	PERSON
schon	O
zur	O
Hälfte	O
aus	O
dem	O
Bette	O
ragte	O
--	O
die	O
neue	O
Methode	O
war	O
mehr	O
ein	O
Spiel	O
als	O
eine	O
Anstrengung	O
,	O
er	O
brauchte	O
immer	O
nur	O
ruckweise	O
zu	O
schaukeln	O
--	O
,	O
fiel	O
ihm	O
ein	O
,	O
wie	O
einfach	O
alles	O
wäre	O
,	O
wenn	O
man	O
ihm	O
zu	O
Hilfe	O
käme	O
.	O
Zwei	O
starke	O
Leute	O
--	O
er	O
dachte	O
an	O
seinen	O
Vater	O
und	O
das	O
Dienstmädchen	O
--	O
hätten	O
vollständig	O
genügt	O
;	O
sie	O
hätten	O
ihre	O
Arme	O
nur	O
unter	O
seinen	O
gewölbten	O
Rücken	O
schieben	O
,	O
ihn	O
so	O
aus	O
dem	O
Bett	O
schälen	O
,	O
sich	O
mit	O
der	O
Last	O
niederbeugen	O
und	O
dann	O
bloß	O
vorsichtig	O
dulden	O
müssen	O
,	O
daß	O
er	O
den	O
Überschwung	O
auf	O
dem	O
Fußboden	O
vollzog	O
,	O
wo	O
dann	O
die	O
Beinchen	O
hoffentlich	O
einen	O
Sinn	O
bekommen	O
würden	O
.	O
Nun	O
,	O
ganz	O
abgesehen	O
davon	O
,	O
daß	O
die	O
Türen	O
versperrt	O
waren	O
,	O
hätte	O
er	O
wirklich	O
um	O
Hilfe	O
rufen	O
sollen	O
?	O
Trotz	O
aller	O
Not	O
konnte	O
er	O
bei	O
diesem	O
Gedanken	O
ein	O
Lächeln	O
nicht	O
unterdrücken	O
.	O
Schon	O
war	O
er	O
so	O
weit	O
,	O
daß	O
er	O
bei	O
stärkerem	O
Schaukeln	O
kaum	O
das	O
Gleichgewicht	O
noch	O
erhielt	O
,	O
und	O
sehr	O
bald	O
mußte	O
er	O
sich	O
nun	O
endgültig	O
entscheiden	O
,	O
denn	O
es	O
war	O
in	O
fünf	O
Minuten	O
einviertel	O
acht	O
,	O
--	O
als	O
es	O
an	O
der	O
Wohnungstür	O
läutete	O
.	O
Das	O
ist	O
jemand	O
aus	O
dem	O
Geschäft	O
,	O
sagte	O
er	O
sich	O
und	O
erstarrte	O
fast	O
,	O
während	O
seine	O
Beinchen	O
nur	O
desto	O
eiliger	O
tanzten	O
.	O
Einen	O
Augenblick	O
blieb	O
alles	O
still	O
.	O
Sie	O
öffnen	O
nicht	O
,	O
sagte	O
sich	O
Gregor	PERSON
,	O
befangen	O
in	O
irgendeiner	O
unsinnigen	O
Hoffnung	O
.	O
Aber	O
dann	O
ging	O
natürlich	O
wie	O
immer	O
das	O
Dienstmädchen	O
festen	O
Schrittes	O
zur	O
Tür	O
und	O
öffnete	O
.	O
Gregor	PERSON
brauchte	O
nur	O
das	O
erste	O
Grußwort	O
des	O
Besuchers	O
zu	O
hören	O
und	O
wußte	O
schon	O
,	O
wer	O
es	O
war	O
--	O
der	O
Prokurist	O
selbst	O
.	O
Warum	O
war	O
nur	O
Gregor	PERSON
dazu	O
verurteilt	O
,	O
bei	O
einer	O
Firma	O
zu	O
dienen	O
,	O
wo	O
man	O
bei	O
der	O
kleinsten	O
Versäumnis	O
gleich	O
den	O
größten	O
Verdacht	O
faßte	O
?	O
Waren	O
denn	O
alle	O
Angestellten	O
samt	O
und	O
sonders	O
Lumpen	O
,	O
gab	O
es	O
denn	O
unter	O
ihnen	O
keinen	O
treuen	O
ergebenen	O
Menschen	O
,	O
den	O
,	O
wenn	O
er	O
auch	O
nur	O
ein	O
paar	O
Morgenstunden	O
für	O
das	O
Geschäft	O
nicht	O
ausgenützt	O
hatte	O
,	O
vor	O
Gewissensbissen	O
närrisch	O
wurde	O
und	O
geradezu	O
nicht	O
imstande	O
war	O
,	O
das	O
Bett	O
zu	O
verlassen	O
?	O
Genügte	O
es	O
wirklich	O
nicht	O
,	O
einen	O
Lehrjungen	O
nachfragen	O
zu	O
lassen	O
--	O
wenn	O
überhaupt	O
diese	O
Fragerei	O
nötig	O
war	O
--	O
,	O
mußte	O
da	O
der	O
Prokurist	O
selbst	O
kommen	O
,	O
und	O
mußte	O
dadurch	O
der	O
ganzen	O
unschuldigen	O
Familie	O
gezeigt	O
werden	O
,	O
daß	O
die	O
Untersuchung	O
dieser	O
verdächtigen	O
Angelegenheit	O
nur	O
dem	O
Verstand	O
des	O
Prokuristen	O
anvertraut	O
werden	O
konnte	O
?	O
Und	O
mehr	O
infolge	O
der	O
Erregung	O
,	O
in	O
welche	O
Gregor	PERSON
durch	O
diese	O
Überlegungen	O
versetzt	O
wurde	O
,	O
als	O
infolge	O
eines	O
richtigen	O
Entschlusses	O
,	O
schwang	O
er	O
sich	O
mit	O
aller	O
Macht	O
aus	O
dem	O
Bett	O
.	O
Es	O
gab	O
einen	O
lauten	O
Schlag	O
,	O
aber	O
ein	O
eigentlicher	O
Krach	O
war	O
es	O
nicht	O
.	O
Ein	O
wenig	O
wurde	O
der	O
Fall	O
durch	O
den	O
Teppich	O
abgeschwächt	O
,	O
auch	O
war	O
der	O
Rücken	O
elastischer	O
,	O
als	O
Gregor	PERSON
gedacht	O
hatte	O
,	O
daher	O
kam	O
der	O
nicht	O
gar	O
so	O
auffallende	O
dumpfe	O
Klang	O
.	O
Nur	O
den	O
Kopf	O
hatte	O
er	O
nicht	O
vorsichtig	O
genug	O
gehalten	O
und	O
ihn	O
angeschlagen	O
;	O
er	O
drehte	O
ihn	O
und	O
rieb	O
ihn	O
an	O
dem	O
Teppich	O
vor	O
Ärger	O
und	O
Schmerz	O
.	O
Da	O
drin	O
ist	O
etwas	O
gefallen	O
,	O
sagte	O
der	O
Prokurist	O
im	O
Nebenzimmer	O
links	O
.	O
Gregor	PERSON
suchte	O
sich	O
vorzustellen	O
,	O
ob	O
nicht	O
auch	O
einmal	O
dem	O
Prokuristen	O
etwas	O
Ähnliches	O
passieren	O
könnte	O
,	O
wie	O
heute	O
ihm	O
;	O
die	O
Möglichkeit	O
dessen	O
mußte	O
man	O
doch	O
eigentlich	O
zugeben	O
.	O
Aber	O
wie	O
zur	O
rohen	O
Antwort	O
auf	O
diese	O
Frage	O
machte	O
jetzt	O
der	O
Prokurist	O
im	O
Nebenzimmer	O
ein	O
paar	O
bestimmte	O
Schritte	O
und	O
ließ	O
seine	O
Lackstiefel	O
knarren	O
.	O
Aus	O
dem	O
Nebenzimmer	O
rechts	O
flüsterte	O
die	O
Schwester	O
,	O
um	O
Gregor	PERSON
zu	O
verständigen	O
:	O
Gregor	PERSON
,	O
der	O
Prokurist	O
ist	O
da	O
.	O
Ich	O
weiß	O
,	O
sagte	O
Gregor	PERSON
vor	O
sich	O
hin	O
;	O
aber	O
so	O
laut	O
,	O
daß	O
es	O
die	O
Schwester	O
hätte	O
hören	O
können	O
,	O
wagte	O
er	O
die	O
Stimme	O
nicht	O
zu	O
erheben	O
.	O
Gregor	PERSON
,	O
sagte	O
nun	O
der	O
Vater	O
aus	O
dem	O
Nebenzimmer	O
links	O
,	O
der	O
Herr	O
Prokurist	O
ist	O
gekommen	O
und	O
erkundigt	O
sich	O
,	O
warum	O
du	O
nicht	O
mit	O
dem	O
Frühzug	O
weggefahren	O
bist	O
.	O
Wir	O
wissen	O
nicht	O
,	O
was	O
wir	O
ihm	O
sagen	O
sollen	O
.	O
Übrigens	O
will	O
er	O
auch	O
mit	O
dir	O
persönlich	O
sprechen	O
.	O
Also	O
bitte	O
mach	O
die	O
Tür	O
auf	O
.	O
Er	O
wird	O
die	O
Unordnung	O
im	O
Zimmer	O
zu	O
entschuldigen	O
schon	O
die	O
Güte	O
haben	O
.	O
Guten	O
Morgen	O
,	O
Herr	PERSON
Samsa	PERSON
,	O
rief	O
der	O
Prokurist	O
freundlich	O
dazwischen	O
.	O
Ihm	O
ist	O
nicht	O
wohl	O
,	O
sagte	O
die	O
Mutter	O
zum	O
Prokuristen	O
,	O
während	O
der	O
Vater	O
noch	O
an	O
der	O
Tür	O
redete	O
,	O
ihm	O
ist	O
nicht	O
wohl	O
,	O
glauben	O
Sie	O
mir	O
,	O
Herr	O
Prokurist	O
.	O
Wie	O
würde	O
denn	O
Gregor	PERSON
sonst	O
einen	O
Zug	O
versäumen	O
!	O
Der	O
Junge	O
hat	O
ja	O
nichts	O
im	O
Kopf	O
als	O
das	O
Geschäft	O
.	O
Ich	O
ärgere	O
mich	O
schon	O
fast	O
,	O
daß	O
er	O
abends	O
niemals	O
ausgeht	O
;	O
jetzt	O
war	O
er	O
doch	O
acht	O
Tage	O
in	O
der	O
Stadt	O
,	O
aber	O
jeden	O
Abend	O
war	O
er	O
zu	O
Hause	O
.	O
Da	O
sitzt	O
er	O
bei	O
uns	O
am	O
Tisch	O
und	O
liest	O
still	O
die	O
Zeitung	O
oder	O
studiert	O
Fahrpläne	O
.	O
Es	O
ist	O
schon	O
eine	O
Zerstreuung	O
für	O
ihn	O
,	O
wenn	O
er	O
sich	O
mit	O
Laubsägearbeiten	O
beschäftigt	O
.	O
Da	O
hat	O
er	O
zum	O
Beispiel	O
im	O
Laufe	O
von	O
zwei	O
,	O
drei	O
Abenden	O
einen	O
kleinen	O
Rahmen	O
geschnitzt	O
;	O
Sie	O
werden	O
staunen	O
,	O
wie	O
hübsch	O
er	O
ist	O
;	O
er	O
hängt	O
drin	O
im	O
Zimmer	O
;	O
Sie	O
werden	O
ihn	O
gleich	O
sehen	O
,	O
wenn	O
Gregor	PERSON
aufmacht	O
.	O
Ich	O
bin	O
übrigens	O
glücklich	O
,	O
daß	O
Sie	O
da	O
sind	O
,	O
Herr	O
Prokurist	O
;	O
wir	O
allein	O
hätten	O
Gregor	PERSON
nicht	O
dazu	O
gebracht	O
,	O
die	O
Tür	O
zu	O
öffnen	O
;	O
er	O
ist	O
so	O
hartnäckig	O
;	O
und	O
bestimmt	O
ist	O
ihm	O
nicht	O
wohl	O
,	O
trotzdem	O
er	O
es	O
am	O
Morgen	O
geleugnet	O
hat	O
.	O
Ich	O
komme	O
gleich	O
,	O
sagte	O
Gregor	PERSON
langsam	O
und	O
bedächtig	O
und	O
rührte	O
sich	O
nicht	O
,	O
um	O
kein	O
Wort	O
der	O
Gespräche	O
zu	O
verlieren	O
.	O
Anders	O
,	O
gnädige	O
Frau	O
,	O
kann	O
ich	O
es	O
mir	O
auch	O
nicht	O
erklären	O
,	O
sagte	O
der	O
Prokurist	O
,	O
hoffentlich	O
ist	O
es	O
nichts	O
Ernstes	O
.	O
Wenn	O
ich	O
auch	O
andererseits	O
sagen	O
muß	O
,	O
daß	O
wir	O
Geschäftsleute	O
--	O
wie	O
man	O
will	O
,	O
leider	O
oder	O
glücklicherweise	O
--	O
ein	O
leichtes	O
Unwohlsein	O
sehr	O
oft	O
aus	O
geschäftlichen	O
Rücksichten	O
einfach	O
überwinden	O
müssen	O
.	O
Also	O
kann	O
der	O
Herr	O
Prokurist	O
schon	O
zu	O
dir	O
hinein	O
?	O
fragte	O
der	O
ungeduldige	O
Vater	O
und	O
klopfte	O
wiederum	O
an	O
die	O
Tür	O
.	O
Nein	O
,	O
sagte	O
Gregor	PERSON
.	O
Im	O
Nebenzimmer	O
links	O
trat	O
eine	O
peinliche	O
Stille	O
ein	O
,	O
im	O
Nebenzimmer	O
rechts	O
begann	O
die	O
Schwester	O
zu	O
schluchzen	O
.	O
Warum	O
ging	O
denn	O
die	O
Schwester	O
nicht	O
zu	O
den	O
anderen	O
?	O
Sie	O
war	O
wohl	O
erst	O
jetzt	O
aus	O
dem	O
Bett	O
aufgestanden	O
und	O
hatte	O
noch	O
gar	O
nicht	O
angefangen	O
sich	O
anzuziehen	O
.	O
Und	O
warum	O
weinte	O
sie	O
denn	O
?	O
Weil	O
er	O
nicht	O
aufstand	O
und	O
den	O
Prokuristen	O
nicht	O
hereinließ	O
,	O
weil	O
er	O
in	O
Gefahr	O
war	O
,	O
den	O
Posten	O
zu	O
verlieren	O
und	O
weil	O
dann	O
der	O
Chef	O
die	O
Eltern	O
mit	O
den	O
alten	O
Forderungen	O
wieder	O
verfolgen	O
würde	O
?	O
Das	O
waren	O
doch	O
vorläufig	O
wohl	O
unnötige	O
Sorgen	O
.	O
Noch	O
war	O
Gregor	PERSON
hier	O
und	O
dachte	O
nicht	O
im	O
geringsten	O
daran	O
,	O
seine	O
Familie	O
zu	O
verlassen	O
.	O
Augenblicklich	O
lag	O
er	O
wohl	O
da	O
auf	O
dem	O
Teppich	O
,	O
und	O
niemand	O
,	O
der	O
seinen	O
Zustand	O
gekannt	O
hätte	O
,	O
hätte	O
im	O
Ernst	O
von	O
ihm	O
verlangt	O
,	O
daß	O
er	O
den	O
Prokuristen	O
hereinlasse	O
.	O
Aber	O
wegen	O
dieser	O
kleinen	O
Unhöflichkeit	O
,	O
für	O
die	O
sich	O
ja	O
später	O
leicht	O
eine	O
passende	O
Ausrede	O
finden	O
würde	O
,	O
konnte	O
Gregor	PERSON
doch	O
nicht	O
gut	O
sofort	O
weggeschickt	O
werden	O
.	O
Und	O
Gregor	PERSON
schien	O
es	O
,	O
daß	O
es	O
viel	O
vernünftiger	O
wäre	O
,	O
ihn	O
jetzt	O
in	O
Ruhe	O
zu	O
lassen	O
,	O
statt	O
ihn	O
mit	O
Weinen	O
und	O
Zureden	O
zu	O
stören	O
.	O
Aber	O
es	O
war	O
eben	O
die	O
Ungewißheit	O
,	O
welche	O
die	O
anderen	O
bedrängte	O
und	O
ihr	O
Benehmen	O
entschuldigte	O
.	O
Herr	PERSON
Samsa	PERSON
,	O
rief	O
nun	O
der	O
Prokurist	O
mit	O
erhobener	O
Stimme	O
,	O
was	O
ist	O
denn	O
los	O
?	O
Sie	O
verbarrikadieren	O
sich	O
da	O
in	O
Ihrem	O
Zimmer	O
,	O
antworten	O
bloß	O
mit	O
ja	O
und	O
nein	O
,	O
machen	O
Ihren	O
Eltern	O
schwere	O
,	O
unnötige	O
Sorgen	O
und	O
versäumen	O
--	O
dies	O
nur	O
nebenbei	O
erwähnt	O
--	O
Ihre	O
geschäftlichen	O
Pflichten	O
in	O
einer	O
eigentlich	O
unerhörten	O
Weise	O
.	O
Ich	O
spreche	O
hier	O
im	O
Namen	O
Ihrer	O
Eltern	O
und	O
Ihres	O
Chefs	O
und	O
bitte	O
Sie	O
ganz	O
ernsthaft	O
um	O
eine	O
augenblickliche	O
,	O
deutliche	O
Erklärung	O
.	O
Ich	O
staune	O
,	O
ich	O
staune	O
.	O
Ich	O
glaubte	O
Sie	O
als	O
einen	O
ruhigen	O
,	O
vernünftigen	O
Menschen	O
zu	O
kennen	O
,	O
und	O
nun	O
scheinen	O
Sie	O
plötzlich	O
anfangen	O
zu	O
wollen	O
,	O
mit	O
sonderbaren	O
Launen	O
zu	O
paradieren	O
.	O
Der	O
Chef	O
deutete	O
mir	O
zwar	O
heute	O
früh	O
eine	O
mögliche	O
Erklärung	O
für	O
Ihre	O
Versäumnis	O
an	O
--	O
sie	O
betraf	O
das	O
Ihnen	O
seit	O
kurzem	O
anvertraute	O
Inkasso	O
--	O
,	O
aber	O
ich	O
legte	O
wahrhaftig	O
fast	O
mein	O
Ehrenwort	O
dafür	O
ein	O
,	O
daß	O
diese	O
Erklärung	O
nicht	O
zutreffen	O
könne	O
.	O
Nun	O
aber	O
sehe	O
ich	O
hier	O
Ihren	O
unbegreiflichen	O
Starrsinn	O
und	O
verliere	O
ganz	O
und	O
gar	O
jede	O
Lust	O
,	O
mich	O
auch	O
nur	O
im	O
geringsten	O
für	O
Sie	O
einzusetzen	O
.	O
Und	O
Ihre	O
Stellung	O
ist	O
durchaus	O
nicht	O
die	O
festeste	O
.	O
Ich	O
hatte	O
ursprünglich	O
die	O
Absicht	O
,	O
Ihnen	O
das	O
alles	O
unter	O
vier	O
Augen	O
zu	O
sagen	O
,	O
aber	O
da	O
Sie	O
mich	O
hier	O
nutzlos	O
meine	O
Zeit	O
versäumen	O
lassen	O
,	O
weiß	O
ich	O
nicht	O
,	O
warum	O
es	O
nicht	O
auch	O
Ihre	O
Herren	O
Eltern	O
erfahren	O
sollen	O
.	O
Ihre	O
Leistungen	O
in	O
der	O
letzten	O
Zeit	O
waren	O
also	O
sehr	O
unbefriedigend	O
;	O
es	O
ist	O
zwar	O
nicht	O
die	O
Jahreszeit	O
,	O
um	O
besondere	O
Geschäfte	O
zu	O
machen	O
,	O
das	O
erkennen	O
wir	O
an	O
;	O
aber	O
eine	O
Jahreszeit	O
,	O
um	O
keine	O
Geschäfte	O
zu	O
machen	O
,	O
gibt	O
es	O
überhaupt	O
nicht	O
,	O
Herr	PERSON
Samsa	PERSON
,	O
darf	O
es	O
nicht	O
geben	O
.	O
Aber	O
Herr	O
Prokurist	O
,	O
rief	O
Gregor	PERSON
außer	O
sich	O
und	O
vergaß	O
in	O
der	O
Aufregung	O
alles	O
andere	O
,	O
ich	O
mache	O
ja	O
sofort	O
,	O
augenblicklich	O
auf	O
.	O
Ein	O
leichtes	O
Unwohlsein	O
,	O
ein	O
Schwindelanfall	O
,	O
haben	O
mich	O
verhindert	O
aufzustehen	O
.	O
Ich	O
liege	O
noch	O
jetzt	O
im	O
Bett	O
.	O
Jetzt	O
bin	O
ich	O
aber	O
schon	O
wieder	O
ganz	O
frisch	O
.	O
Eben	O
steige	O
ich	O
aus	O
dem	O
Bett	O
.	O
Nur	O
einen	O
kleinen	O
Augenblick	O
Geduld	O
!	O
Es	O
geht	O
noch	O
nicht	O
so	O
gut	O
,	O
wie	O
ich	O
dachte	O
.	O
Es	O
ist	O
mir	O
aber	O
schon	O
wohl	O
.	O
Wie	O
das	O
nur	O
einen	O
Menschen	O
so	O
überfallen	O
kann	O
!	O
Noch	O
gestern	O
abend	O
war	O
mir	O
ganz	O
gut	O
,	O
meine	O
Eltern	O
wissen	O
es	O
ja	O
,	O
oder	O
besser	O
,	O
schon	O
gestern	O
abend	O
hatte	O
ich	O
eine	O
kleine	O
Vorahnung	O
.	O
Man	O
hätte	O
es	O
mir	O
ansehen	O
müssen	O
.	O
Warum	O
habe	O
ich	O
es	O
nur	O
im	O
Geschäfte	O
nicht	O
gemeldet	O
!	O
Aber	O
man	O
denkt	O
eben	O
immer	O
,	O
daß	O
man	O
die	O
Krankheit	O
ohne	O
Zuhausebleiben	O
überstehen	O
wird	O
.	O
Herr	O
Prokurist	O
!	O
Schonen	O
Sie	O
meine	O
Eltern	O
!	O
Für	O
alle	O
die	O
Vorwürfe	O
,	O
die	O
Sie	O
mir	O
jetzt	O
machen	O
,	O
ist	O
ja	O
kein	O
Grund	O
;	O
man	O
hat	O
mir	O
ja	O
davon	O
auch	O
kein	O
Wort	O
gesagt	O
.	O
Sie	O
haben	O
vielleicht	O
die	O
letzten	O
Aufträge	O
,	O
die	O
ich	O
geschickt	O
habe	O
,	O
nicht	O
gelesen	O
.	O
Übrigens	O
,	O
noch	O
mit	O
dem	O
Achtuhrzug	O
fahre	O
ich	O
auf	O
die	O
Reise	O
,	O
die	O
paar	O
Stunden	O
Ruhe	O
haben	O
mich	O
gekräftigt	O
.	O
Halten	O
Sie	O
sich	O
nur	O
nicht	O
auf	O
,	O
Herr	O
Prokurist	O
;	O
ich	O
bin	O
gleich	O
selbst	O
im	O
Geschäft	O
,	O
und	O
haben	O
Sie	O
die	O
Güte	O
,	O
das	O
zu	O
sagen	O
und	O
mich	O
dem	O
Herrn	O
Chef	O
zu	O
empfehlen	O
!	O
Und	O
während	O
Gregor	PERSON
dies	O
alles	O
hastig	O
ausstieß	O
und	O
kaum	O
wußte	O
,	O
was	O
er	O
sprach	O
,	O
hatte	O
er	O
sich	O
leicht	O
,	O
wohl	O
infolge	O
der	O
im	O
Bett	O
bereits	O
erlangten	O
Übung	O
,	O
dem	O
Kasten	O
genähert	O
und	O
versuchte	O
nun	O
,	O
an	O
ihm	O
sich	O
aufzurichten	O
.	O
Er	O
wollte	O
tatsächlich	O
die	O
Tür	O
aufmachen	O
,	O
tatsächlich	O
sich	O
sehen	O
lassen	O
und	O
mit	O
dem	O
Prokuristen	O
sprechen	O
;	O
er	O
war	O
begierig	O
zu	O
erfahren	O
,	O
was	O
die	O
anderen	O
,	O
die	O
jetzt	O
so	O
nach	O
ihm	O
verlangten	O
,	O
bei	O
seinem	O
Anblick	O
sagen	O
würden	O
.	O
Würden	O
sie	O
erschrecken	O
,	O
dann	O
hatte	O
Gregor	PERSON
keine	O
Verantwortung	O
mehr	O
und	O
konnte	O
ruhig	O
sein	O
.	O
Würden	O
sie	O
aber	O
alles	O
ruhig	O
hinnehmen	O
,	O
dann	O
hatte	O
auch	O
er	O
keinen	O
Grund	O
sich	O
aufzuregen	O
,	O
und	O
konnte	O
,	O
wenn	O
er	O
sich	O
beeilte	O
,	O
um	O
acht	O
Uhr	O
tatsächlich	O
auf	O
dem	O
Bahnhof	O
sein	O
.	O
Zuerst	O
glitt	O
er	O
nun	O
einigemale	O
von	O
dem	O
glatten	O
Kasten	O
ab	O
,	O
aber	O
endlich	O
gab	O
er	O
sich	O
einen	O
letzten	O
Schwung	O
und	O
stand	O
aufrecht	O
da	O
;	O
auf	O
die	O
Schmerzen	O
im	O
Unterleib	O
achtete	O
er	O
gar	O
nicht	O
mehr	O
,	O
so	O
sehr	O
sie	O
auch	O
brannten	O
.	O
Nun	O
ließ	O
er	O
sich	O
gegen	O
die	O
Rücklehne	O
eines	O
nahen	O
Stuhles	O
fallen	O
,	O
an	O
deren	O
Rändern	O
er	O
sich	O
mit	O
seinen	O
Beinchen	O
festhielt	O
.	O
Damit	O
hatte	O
er	O
aber	O
auch	O
die	O
Herrschaft	O
über	O
sich	O
erlangt	O
und	O
verstummte	O
,	O
denn	O
nun	O
konnte	O
er	O
den	O
Prokuristen	O
anhören	O
.	O
Haben	O
Sie	O
auch	O
nur	O
ein	O
Wort	O
verstanden	O
?	O
fragte	O
der	O
Prokurist	O
die	O
Eltern	O
,	O
er	O
macht	O
sich	O
doch	O
wohl	O
nicht	O
einen	O
Narren	O
aus	O
uns	O
?	O
Um	O
Gottes	O
willen	O
,	O
rief	O
die	O
Mutter	O
schon	O
unter	O
Weinen	O
,	O
er	O
ist	O
vielleicht	O
schwer	O
krank	O
,	O
und	O
wir	O
quälen	O
ihn	O
.	O
Grete	O
!	O
Grete	O
!	O
schrie	O
sie	O
dann	O
.	O
Mutter	O
?	O
rief	O
die	O
Schwester	O
von	O
der	O
anderen	O
Seite	O
.	O
Sie	O
verständigten	O
sich	O
durch	O
Gregors	O
Zimmer	O
.	O
Du	O
mußt	O
augenblicklich	O
zum	O
Arzt	O
.	O
Gregor	PERSON
ist	O
krank	O
.	O
Rasch	O
um	O
den	O
Arzt	O
.	O
Hast	O
du	O
Gregor	PERSON
jetzt	O
reden	O
hören	O
?	O
Das	O
war	O
eine	O
Tierstimme	O
,	O
sagte	O
der	O
Prokurist	O
,	O
auffallend	O
leise	O
gegenüber	O
dem	O
Schreien	O
der	O
Mutter	O
.	O
Anna	O
!	O
Anna	O
!	O
rief	O
der	O
Vater	O
durch	O
das	O
Vorzimmer	O
in	O
die	O
Küche	O
und	O
klatschte	O
in	O
die	O
Hände	O
,	O
sofort	O
einen	O
Schlosser	O
holen	O
!	O
Und	O
schon	O
liefen	O
die	O
zwei	O
Mädchen	O
mit	O
rauschenden	O
Röcken	O
durch	O
das	O
Vorzimmer	O
--	O
wie	O
hatte	O
sich	O
die	O
Schwester	O
denn	O
so	O
schnell	O
angezogen	O
?	O
--	O
und	O
rissen	O
die	O
Wohnungstüre	O
auf	O
.	O
Man	O
hörte	O
gar	O
nicht	O
die	O
Türe	O
zuschlagen	O
;	O
sie	O
hatten	O
sie	O
wohl	O
offen	O
gelassen	O
,	O
wie	O
es	O
in	O
Wohnungen	O
zu	O
sein	O
pflegt	O
,	O
in	O
denen	O
ein	O
großes	O
Unglück	O
geschehen	O
ist	O
.	O
Gregor	PERSON
war	O
aber	O
viel	O
ruhiger	O
geworden	O
.	O
Man	O
verstand	O
zwar	O
also	O
seine	O
Worte	O
nicht	O
mehr	O
,	O
trotzdem	O
sie	O
ihm	O
genug	O
klar	O
,	O
klarer	O
als	O
früher	O
,	O
vorgekommen	O
waren	O
,	O
vielleicht	O
infolge	O
der	O
Gewöhnung	O
des	O
Ohres	O
.	O
Aber	O
immerhin	O
glaubte	O
man	O
nun	O
schon	O
daran	O
,	O
daß	O
es	O
mit	O
ihm	O
nicht	O
ganz	O
in	O
Ordnung	O
war	O
,	O
und	O
war	O
bereit	O
,	O
ihm	O
zu	O
helfen	O
.	O
Die	O
Zuversicht	O
und	O
Sicherheit	O
,	O
womit	O
die	O
ersten	O
Anordnungen	O
getroffen	O
worden	O
waren	O
,	O
taten	O
ihm	O
wohl	O
.	O
Er	O
fühlte	O
sich	O
wieder	O
einbezogen	O
in	O
den	O
menschlichen	O
Kreis	O
und	O
erhoffte	O
von	O
beiden	O
,	O
vom	O
Arzt	O
und	O
vom	O
Schlosser	O
,	O
ohne	O
sie	O
eigentlich	O
genau	O
zu	O
scheiden	O
,	O
großartige	O
und	O
überraschende	O
Leistungen	O
.	O
Um	O
für	O
die	O
sich	O
nähernden	O
entscheidenden	O
Besprechungen	O
eine	O
möglichst	O
klare	O
Stimme	O
zu	O
bekommen	O
,	O
hustete	O
er	O
ein	O
wenig	O
ab	O
,	O
allerdings	O
bemüht	O
,	O
dies	O
ganz	O
gedämpft	O
zu	O
tun	O
,	O
da	O
möglicherweise	O
auch	O
schon	O
dieses	O
Geräusch	O
anders	O
als	O
menschlicher	O
Husten	O
klang	O
,	O
was	O
er	O
selbst	O
zu	O
entscheiden	O
sich	O
nicht	O
mehr	O
getraute	O
.	O
Im	O
Nebenzimmer	O
war	O
es	O
inzwischen	O
ganz	O
still	O
geworden	O
.	O
Vielleicht	O
saßen	O
die	O
Eltern	O
mit	O
dem	O
Prokuristen	O
beim	O
Tisch	O
und	O
tuschelten	O
,	O
vielleicht	O
lehnten	O
alle	O
an	O
der	O
Türe	O
und	O
horchten	O
.	O
Gregor	PERSON
schob	O
sich	O
langsam	O
mit	O
dem	O
Sessel	O
zur	O
Tür	O
hin	O
,	O
ließ	O
ihn	O
dort	O
los	O
,	O
warf	O
sich	O
gegen	O
die	O
Tür	O
,	O
hielt	O
sich	O
an	O
ihr	O
aufrecht	O
--	O
die	O
Ballen	O
seiner	O
Beinchen	O
hatten	O
ein	O
wenig	O
Klebstoff	O
--	O
und	O
ruhte	O
sich	O
dort	O
einen	O
Augenblick	O
lang	O
von	O
der	O
Anstrengung	O
aus	O
.	O
Dann	O
aber	O
machte	O
er	O
sich	O
daran	O
,	O
mit	O
dem	O
Mund	O
den	O
Schlüssel	O
im	O
Schloß	O
umzudrehen	O
.	O
Es	O
schien	O
leider	O
,	O
daß	O
er	O
keine	O
eigentlichen	O
Zähne	O
hatte	O
,	O
--	O
womit	O
sollte	O
er	O
gleich	O
den	O
Schlüssel	O
fassen	O
?	O
--	O
aber	O
dafür	O
waren	O
die	O
Kiefer	O
freilich	O
sehr	O
stark	O
,	O
mit	O
ihrer	O
Hilfe	O
brachte	O
er	O
auch	O
wirklich	O
den	O
Schlüssel	O
in	O
Bewegung	O
und	O
achtete	O
nicht	O
darauf	O
,	O
daß	O
er	O
sich	O
zweifellos	O
irgendeinen	O
Schaden	O
zufügte	O
,	O
denn	O
eine	O
braune	O
Flüssigkeit	O
kam	O
ihm	O
aus	O
dem	O
Mund	O
,	O
floß	O
über	O
den	O
Schlüssel	O
und	O
tropfte	O
auf	O
den	O
Boden	O
.	O
Hören	O
Sie	O
nur	O
,	O
sagte	O
der	O
Prokurist	O
im	O
Nebenzimmer	O
,	O
er	O
dreht	O
den	O
Schlüssel	O
um	O
.	O
Das	O
war	O
für	O
Gregor	PERSON
eine	O
große	O
Aufmunterung	O
;	O
aber	O
alle	O
hätten	O
ihm	O
zurufen	O
sollen	O
,	O
auch	O
der	O
Vater	O
und	O
die	O
Mutter	O
:	O
Frisch	O
,	O
Gregor	PERSON
,	O
hätten	O
sie	O
rufen	O
sollen	O
,	O
immer	O
nur	O
heran	O
,	O
fest	O
an	O
das	O
Schloß	O
heran	O
!	O
Und	O
in	O
der	O
Vorstellung	O
,	O
daß	O
alle	O
seine	O
Bemühungen	O
mit	O
Spannung	O
verfolgten	O
,	O
verbiß	O
er	O
sich	O
mit	O
allem	O
,	O
was	O
er	O
an	O
Kraft	O
aufbringen	O
konnte	O
,	O
besinnungslos	O
in	O
den	O
Schlüssel	O
.	O
Je	O
nach	O
dem	O
Fortschreiten	O
der	O
Drehung	O
des	O
Schlüssels	O
umtanzte	O
er	O
das	O
Schloß	O
,	O
hielt	O
sich	O
jetzt	O
nur	O
noch	O
mit	O
dem	O
Munde	O
aufrecht	O
,	O
und	O
je	O
nach	O
Bedarf	O
hing	O
er	O
sich	O
an	O
den	O
Schlüssel	O
oder	O
drückte	O
ihn	O
dann	O
wieder	O
nieder	O
mit	O
der	O
ganzen	O
Last	O
seines	O
Körpers	O
.	O
Der	O
hellere	O
Klang	O
des	O
endlich	O
zurückschnappenden	O
Schlosses	O
erweckte	O
Gregor	PERSON
förmlich	O
.	O
Aufatmend	O
sagte	O
er	O
sich	O
:	O
Ich	O
habe	O
also	O
den	O
Schlosser	O
nicht	O
gebraucht	O
,	O
und	O
legte	O
den	O
Kopf	O
auf	O
die	O
Klinke	O
,	O
um	O
die	O
Türe	O
gänzlich	O
zu	O
öffnen	O
.	O
Da	O
er	O
die	O
Türe	O
auf	O
diese	O
Weise	O
öffnen	O
mußte	O
,	O
war	O
sie	O
eigentlich	O
schon	O
recht	O
weit	O
geöffnet	O
,	O
und	O
er	O
selbst	O
noch	O
nicht	O
zu	O
sehen	O
.	O
Er	O
mußte	O
sich	O
erst	O
langsam	O
um	O
den	O
einen	O
Türflügel	O
herumdrehen	O
,	O
und	O
zwar	O
sehr	O
vorsichtig	O
,	O
wenn	O
er	O
nicht	O
gerade	O
vor	O
dem	O
Eintritt	O
ins	O
Zimmer	O
plump	O
auf	O
den	O
Rücken	O
fallen	O
wollte	O
.	O
Er	O
war	O
noch	O
mit	O
jener	O
schwierigen	O
Bewegung	O
beschäftigt	O
und	O
hatte	O
nicht	O
Zeit	O
,	O
auf	O
anderes	O
zu	O
achten	O
,	O
da	O
hörte	O
er	O
schon	O
den	O
Prokuristen	O
ein	O
lautes	O
Oh	O
!	O
ausstoßen	O
--	O
es	O
klang	O
,	O
wie	O
wenn	O
der	O
Wind	O
saust	O
--	O
und	O
nun	O
sah	O
er	O
ihn	O
auch	O
,	O
wie	O
er	O
,	O
der	O
der	O
Nächste	O
an	O
der	O
Türe	O
war	O
,	O
die	O
Hand	O
gegen	O
den	O
offenen	O
Mund	O
drückte	O
und	O
langsam	O
zurückwich	O
,	O
als	O
vertreibe	O
ihn	O
eine	O
unsichtbare	O
,	O
gleichmäßig	O
fortwirkende	O
Kraft	O
.	O
Die	O
Mutter	O
--	O
sie	O
stand	O
hier	O
trotz	O
der	O
Anwesenheit	O
des	O
Prokuristen	O
mit	O
von	O
der	O
Nacht	O
her	O
noch	O
aufgelösten	O
,	O
hoch	O
sich	O
sträubenden	O
Haaren	O
--	O
sah	O
zuerst	O
mit	O
gefalteten	O
Händen	O
den	O
Vater	O
an	O
,	O
ging	O
dann	O
zwei	O
Schritte	O
zu	O
Gregor	PERSON
hin	O
und	O
fiel	O
inmitten	O
ihrer	O
rings	O
um	O
sie	O
herum	O
sich	O
ausbreitenden	O
Röcke	O
nieder	O
,	O
das	O
Gesicht	O
ganz	O
unauffindbar	O
zu	O
ihrer	O
Brust	O
gesenkt	O
.	O
Der	O
Vater	O
ballte	O
mit	O
feindseligem	O
Ausdruck	O
die	O
Faust	O
,	O
als	O
wolle	O
er	O
Gregor	PERSON
in	O
sein	O
Zimmer	O
zurückstoßen	O
,	O
sah	O
sich	O
dann	O
unsicher	O
im	O
Wohnzimmer	O
um	O
,	O
beschattete	O
dann	O
mit	O
den	O
Händen	O
die	O
Augen	O
und	O
weinte	O
,	O
daß	O
sich	O
seine	O
mächtige	O
Brust	O
schüttelte	O
.	O
Gregor	PERSON
trat	O
nun	O
gar	O
nicht	O
in	O
das	O
Zimmer	O
,	O
sondern	O
lehnte	O
sich	O
von	O
innen	O
an	O
den	O
festgeriegelten	O
Türflügel	O
,	O
so	O
daß	O
sein	O
Leib	O
nur	O
zur	O
Hälfte	O
und	O
darüber	O
der	O
seitlich	O
geneigte	O
Kopf	O
zu	O
sehen	O
war	O
,	O
mit	O
dem	O
er	O
zu	O
den	O
anderen	O
hinüberlugte	O
.	O
Es	O
war	O
inzwischen	O
viel	O
heller	O
geworden	O
;	O
klar	O
stand	O
auf	O
der	O
anderen	O
Straßenseite	O
ein	O
Ausschnitt	O
des	O
gegenüberliegenden	O
,	O
endlosen	O
,	O
grauschwarzen	O
Hauses	O
--	O
es	O
war	O
ein	O
Krankenhaus	O
--	O
mit	O
seinen	O
hart	O
die	O
Front	O
durchbrechenden	O
regelmäßigen	O
Fenstern	O
;	O
der	O
Regen	O
fiel	O
noch	O
nieder	O
,	O
aber	O
nur	O
mit	O
großen	O
,	O
einzeln	O
sichtbaren	O
und	O
förmlich	O
auch	O
einzelnweise	O
auf	O
die	O
Erde	O
hinuntergeworfenen	O
Tropfen	O
.	O
Das	O
Frühstücksgeschirr	O
stand	O
in	O
überreicher	O
Zahl	O
auf	O
dem	O
Tisch	O
,	O
denn	O
für	O
den	O
Vater	O
war	O
das	O
Frühstück	O
die	O
wichtigste	O
Mahlzeit	O
des	O
Tages	O
,	O
die	O
er	O
bei	O
der	O
Lektüre	O
verschiedener	O
Zeitungen	O
stundenlang	O
hinzog	O
.	O
Gerade	O
an	O
der	O
gegenüberliegenden	O
Wand	O
hing	O
eine	O
Photographie	O
Gregors	O
aus	O
seiner	O
Militärzeit	O
,	O
die	O
ihn	O
als	O
Leutnant	O
darstellte	O
,	O
wie	O
er	O
,	O
die	O
Hand	O
am	O
Degen	O
,	O
sorglos	O
lächelnd	O
,	O
Respekt	O
für	O
seine	O
Haltung	O
und	O
Uniform	O
verlangte	O
.	O
Die	O
Tür	O
zum	O
Vorzimmer	O
war	O
geöffnet	O
,	O
und	O
man	O
sah	O
,	O
da	O
auch	O
die	O
Wohnungstür	O
offen	O
war	O
,	O
auf	O
den	O
Vorplatz	O
der	O
Wohnung	O
hinaus	O
und	O
auf	O
den	O
Beginn	O
der	O
abwärts	O
führenden	O
Treppe	O
.	O
Nun	O
,	O
sagte	O
Gregor	PERSON
und	O
war	O
sich	O
dessen	O
wohl	O
bewußt	O
,	O
daß	O
er	O
der	O
einzige	O
war	O
,	O
der	O
die	O
Ruhe	O
bewahrt	O
hatte	O
,	O
ich	O
werde	O
mich	O
gleich	O
anziehen	O
,	O
die	O
Kollektion	O
zusammenpacken	O
und	O
wegfahren	O
.	O
Wollt	O
ihr	O
,	O
wollt	O
ihr	O
mich	O
wegfahren	O
lassen	O
?	O
Nun	O
,	O
Herr	O
Prokurist	O
,	O
Sie	O
sehen	O
,	O
ich	O
bin	O
nicht	O
starrköpfig	O
und	O
ich	O
arbeite	O
gern	O
;	O
das	O
Reisen	O
ist	O
beschwerlich	O
,	O
aber	O
ich	O
könnte	O
ohne	O
das	O
Reisen	O
nicht	O
leben	O
.	O
Wohin	O
gehen	O
Sie	O
denn	O
,	O
Herr	O
Prokurist	O
?	O
Ins	O
Geschäft	O
?	O
Ja	O
?	O
Werden	O
Sie	O
alles	O
wahrheitsgetreu	O
berichten	O
?	O
Man	O
kann	O
im	O
Augenblick	O
unfähig	O
sein	O
zu	O
arbeiten	O
,	O
aber	O
dann	O
ist	O
gerade	O
der	O
richtige	O
Zeitpunkt	O
,	O
sich	O
an	O
die	O
früheren	O
Leistungen	O
zu	O
erinnern	O
und	O
zu	O
bedenken	O
,	O
daß	O
man	O
später	O
,	O
nach	O
Beseitigung	O
des	O
Hindernisses	O
,	O
gewiß	O
desto	O
fleißiger	O
und	O
gesammelter	O
arbeiten	O
wird	O
.	O
Ich	O
bin	O
ja	O
dem	O
Herrn	O
Chef	O
so	O
sehr	O
verpflichtet	O
,	O
das	O
wissen	O
Sie	O
doch	O
recht	O
gut	O
.	O
Andererseits	O
habe	O
ich	O
die	O
Sorge	O
um	O
meine	O
Eltern	O
und	O
die	O
Schwester	O
.	O
Ich	O
bin	O
in	O
der	O
Klemme	O
,	O
ich	O
werde	O
mich	O
aber	O
auch	O
wieder	O
herausarbeiten	O
.	O
Machen	O
Sie	O
es	O
mir	O
aber	O
nicht	O
schwieriger	O
,	O
als	O
es	O
schon	O
ist	O
.	O
Halten	O
Sie	O
im	O
Geschäft	O
meine	O
Partei	O
!	O
Man	O
liebt	O
den	O
Reisenden	O
nicht	O
,	O
ich	O
weiß	O
.	O
Man	O
denkt	O
,	O
er	O
verdient	O
ein	O
Heidengeld	O
und	O
führt	O
dabei	O
ein	O
schönes	O
Leben	O
.	O
Man	O
hat	O
eben	O
keine	O
besondere	O
Veranlassung	O
,	O
dieses	O
Vorurteil	O
besser	O
zu	O
durchdenken	O
.	O
Sie	O
aber	O
,	O
Herr	O
Prokurist	O
,	O
Sie	O
haben	O
einen	O
besseren	O
Überblick	O
über	O
die	O
Verhältnisse	O
,	O
als	O
das	O
sonstige	O
Personal	O
,	O
ja	O
sogar	O
,	O
ganz	O
im	O
Vertrauen	O
gesagt	O
,	O
einen	O
besseren	O
Überblick	O
,	O
als	O
der	O
Herr	O
Chef	O
selbst	O
,	O
der	O
in	O
seiner	O
Eigenschaft	O
als	O
Unternehmer	O
sich	O
in	O
seinem	O
Urteil	O
leicht	O
zuungunsten	O
eines	O
Angestellten	O
beirren	O
läßt	O
.	O
Sie	O
wissen	O
auch	O
sehr	O
wohl	O
,	O
daß	O
der	O
Reisende	O
,	O
der	O
fast	O
das	O
ganze	O
Jahr	O
außerhalb	O
des	O
Geschäftes	O
ist	O
,	O
so	O
leicht	O
ein	O
Opfer	O
von	O
Klatschereien	O
,	O
Zufälligkeiten	O
und	O
grundlosen	O
Beschwerden	O
werden	O
kann	O
,	O
gegen	O
die	O
sich	O
zu	O
wehren	O
ihm	O
ganz	O
unmöglich	O
ist	O
,	O
da	O
er	O
von	O
ihnen	O
meistens	O
gar	O
nichts	O
erfährt	O
und	O
nur	O
dann	O
,	O
wenn	O
er	O
erschöpft	O
eine	O
Reise	O
beendet	O
hat	O
,	O
zu	O
Hause	O
die	O
schlimmen	O
,	O
auf	O
ihre	O
Ursachen	O
hin	O
nicht	O
mehr	O
zu	O
durchschauenden	O
Folgen	O
am	O
eigenen	O
Leibe	O
zu	O
spüren	O
bekommt	O
.	O
Herr	O
Prokurist	O
,	O
gehen	O
Sie	O
nicht	O
weg	O
,	O
ohne	O
mir	O
ein	O
Wort	O
gesagt	O
zu	O
haben	O
,	O
das	O
mir	O
zeigt	O
,	O
daß	O
Sie	O
mir	O
wenigstens	O
zu	O
einem	O
kleinen	O
Teil	O
recht	O
geben	O
!	O
Aber	O
der	O
Prokurist	O
hatte	O
sich	O
schon	O
bei	O
den	O
ersten	O
Worten	O
Gregors	O
abgewendet	O
,	O
und	O
nur	O
über	O
die	O
zuckende	O
Schulter	O
hinweg	O
sah	O
er	O
mit	O
aufgeworfenen	O
Lippen	O
nach	O
Gregor	PERSON
zurück	O
.	O
Und	O
während	O
Gregors	O
Rede	O
stand	O
er	O
keinen	O
Augenblick	O
still	O
,	O
sondern	O
verzog	O
sich	O
,	O
ohne	O
Gregor	PERSON
aus	O
den	O
Augen	O
zu	O
lassen	O
,	O
gegen	O
die	O
Tür	O
,	O
aber	O
ganz	O
allmählich	O
,	O
als	O
bestehe	O
ein	O
geheimes	O
Verbot	O
,	O
das	O
Zimmer	O
zu	O
verlassen	O
.	O
Schon	O
war	O
er	O
im	O
Vorzimmer	O
,	O
und	O
nach	O
der	O
plötzlichen	O
Bewegung	O
,	O
mit	O
der	O
er	O
zum	O
letztenmal	O
den	O
Fuß	O
aus	O
dem	O
Wohnzimmer	O
zog	O
,	O
hätte	O
man	O
glauben	O
können	O
,	O
er	O
habe	O
sich	O
soeben	O
die	O
Sohle	O
verbrannt	O
.	O
Im	O
Vorzimmer	O
aber	O
streckte	O
er	O
die	O
rechte	O
Hand	O
weit	O
von	O
sich	O
zur	O
Treppe	O
hin	O
,	O
als	O
warte	O
dort	O
auf	O
ihn	O
eine	O
geradezu	O
überirdische	O
Erlösung	O
.	O
Gregor	PERSON
sah	O
ein	O
,	O
daß	O
er	O
den	O
Prokuristen	O
in	O
dieser	O
Stimmung	O
auf	O
keinen	O
Fall	O
weggehen	O
lassen	O
dürfe	O
,	O
wenn	O
dadurch	O
seine	O
Stellung	O
im	O
Geschäft	O
nicht	O
aufs	O
äußerste	O
gefährdet	O
werden	O
sollte	O
.	O
Die	O
Eltern	O
verstanden	O
das	O
alles	O
nicht	O
so	O
gut	O
;	O
sie	O
hatten	O
sich	O
in	O
den	O
langen	O
Jahren	O
die	O
Überzeugung	O
gebildet	O
,	O
daß	O
Gregor	PERSON
in	O
diesem	O
Geschäft	O
für	O
sein	O
Leben	O
versorgt	O
war	O
,	O
und	O
hatten	O
außerdem	O
jetzt	O
mit	O
den	O
augenblicklichen	O
Sorgen	O
so	O
viel	O
zu	O
tun	O
,	O
daß	O
ihnen	O
jede	O
Voraussicht	O
abhanden	O
gekommen	O
war	O
.	O
Aber	O
Gregor	PERSON
hatte	O
diese	O
Voraussicht	O
.	O
Der	O
Prokurist	O
mußte	O
gehalten	O
,	O
beruhigt	O
,	O
überzeugt	O
und	O
schließlich	O
gewonnen	O
werden	O
;	O
die	O
Zukunft	O
Gregors	O
und	O
seiner	O
Familie	O
hing	O
doch	O
davon	O
ab	O
!	O
Wäre	O
doch	O
die	O
Schwester	O
hier	O
gewesen	O
!	O
Sie	O
war	O
klug	O
;	O
sie	O
hatte	O
schon	O
geweint	O
,	O
als	O
Gregor	PERSON
noch	O
ruhig	O
auf	O
dem	O
Rücken	O
lag	O
.	O
Und	O
gewiß	O
hätte	O
der	O
Prokurist	O
,	O
dieser	O
Damenfreund	O
,	O
sich	O
von	O
ihr	O
lenken	O
lassen	O
;	O
sie	O
hätte	O
die	O
Wohnungstür	O
zugemacht	O
und	O
ihm	O
im	O
Vorzimmer	O
den	O
Schrecken	O
ausgeredet	O
.	O
Aber	O
die	O
Schwester	O
war	O
eben	O
nicht	O
da	O
,	O
Gregor	PERSON
selbst	O
mußte	O
handeln	O
.	O
Und	O
ohne	O
daran	O
zu	O
denken	O
,	O
daß	O
er	O
seine	O
gegenwärtigen	O
Fähigkeiten	O
,	O
sich	O
zu	O
bewegen	O
,	O
noch	O
gar	O
nicht	O
kannte	O
,	O
ohne	O
auch	O
daran	O
zu	O
denken	O
,	O
daß	O
seine	O
Rede	O
möglicher	O
-	O
ja	O
wahrscheinlicherweise	O
wieder	O
nicht	O
verstanden	O
worden	O
war	O
,	O
verließ	O
er	O
den	O
Türflügel	O
;	O
schob	O
sich	O
durch	O
die	O
Öffnung	O
;	O
wollte	O
zum	O
Prokuristen	O
hingehen	O
,	O
der	O
sich	O
schon	O
am	O
Geländer	O
des	O
Vorplatzes	O
lächerlicherweise	O
mit	O
beiden	O
Händen	O
festhielt	O
;	O
fiel	O
aber	O
sofort	O
,	O
nach	O
einem	O
Halt	O
suchend	O
,	O
mit	O
einem	O
kleinen	O
Schrei	O
auf	O
seine	O
vielen	O
Beinchen	O
nieder	O
.	O
Kaum	O
war	O
das	O
geschehen	O
,	O
fühlte	O
er	O
zum	O
erstenmal	O
an	O
diesem	O
Morgen	O
ein	O
körperliches	O
Wohlbehagen	O
;	O
die	O
Beinchen	O
hatten	O
festen	O
Boden	O
unter	O
sich	O
;	O
sie	O
gehorchten	O
vollkommen	O
,	O
wie	O
er	O
zu	O
seiner	O
Freude	O
merkte	O
;	O
strebten	O
sogar	O
darnach	O
,	O
ihn	O
fortzutragen	O
,	O
wohin	O
er	O
wollte	O
;	O
und	O
schon	O
glaubte	O
er	O
,	O
die	O
endgültige	O
Besserung	O
alles	O
Leidens	O
stehe	O
unmittelbar	O
bevor	O
.	O
Aber	O
im	O
gleichen	O
Augenblick	O
,	O
als	O
er	O
da	O
schaukelnd	O
vor	O
verhaltener	O
Bewegung	O
,	O
gar	O
nicht	O
weit	O
von	O
seiner	O
Mutter	O
entfernt	O
,	O
ihr	O
gerade	O
gegenüber	O
auf	O
dem	O
Boden	O
lag	O
,	O
sprang	O
diese	O
,	O
die	O
doch	O
so	O
ganz	O
in	O
sich	O
versunken	O
schien	O
,	O
mit	O
einemmale	O
in	O
die	O
Höhe	O
,	O
die	O
Arme	O
weit	O
ausgestreckt	O
,	O
die	O
Finger	O
gespreizt	O
,	O
rief	O
:	O
Hilfe	O
,	O
um	O
Gottes	O
willen	O
Hilfe	O
!	O
,	O
hielt	O
den	O
Kopf	O
geneigt	O
,	O
als	O
wolle	O
sie	O
Gregor	PERSON
besser	O
sehen	O
,	O
lief	O
aber	O
,	O
im	O
Widerspruch	O
dazu	O
,	O
sinnlos	O
zurück	O
;	O
hatte	O
vergessen	O
,	O
daß	O
hinter	O
ihr	O
der	O
gedeckte	O
Tisch	O
stand	O
;	O
setzte	O
sich	O
,	O
als	O
sie	O
bei	O
ihm	O
angekommen	O
war	O
,	O
wie	O
in	O
Zerstreutheit	O
,	O
eilig	O
auf	O
ihn	O
,	O
und	O
schien	O
gar	O
nicht	O
zu	O
merken	O
,	O
daß	O
neben	O
ihr	O
aus	O
der	O
umgeworfenen	O
großen	O
Kanne	O
der	O
Kaffee	O
in	O
vollem	O
Strome	O
auf	O
den	O
Teppich	O
sich	O
ergoß	O
.	O
Mutter	O
,	O
Mutter	O
,	O
sagte	O
Gregor	PERSON
leise	O
und	O
sah	O
zu	O
ihr	O
hinauf	O
.	O
Der	O
Prokurist	O
war	O
ihm	O
für	O
einen	O
Augenblick	O
ganz	O
aus	O
dem	O
Sinn	O
gekommen	O
;	O
dagegen	O
konnte	O
er	O
sich	O
nicht	O
versagen	O
,	O
im	O
Anblick	O
des	O
fließenden	O
Kaffees	O
mehrmals	O
mit	O
den	O
Kiefern	O
ins	O
Leere	O
zu	O
schnappen	O
.	O
Darüber	O
schrie	O
die	O
Mutter	O
neuerdings	O
auf	O
,	O
flüchtete	O
vom	O
Tisch	O
und	O
fiel	O
dem	O
ihr	O
entgegeneilenden	O
Vater	O
in	O
die	O
Arme	O
.	O
Aber	O
Gregor	PERSON
hatte	O
jetzt	O
keine	O
Zeit	O
für	O
seine	O
Eltern	O
;	O
der	O
Prokurist	O
war	O
schon	O
auf	O
der	O
Treppe	O
;	O
das	O
Kinn	O
auf	O
dem	O
Geländer	O
,	O
sah	O
er	O
noch	O
zum	O
letzten	O
Male	O
zurück	O
.	O
Gregor	PERSON
nahm	O
einen	O
Anlauf	O
,	O
um	O
ihn	O
möglichst	O
sicher	O
einzuholen	O
;	O
der	O
Prokurist	O
mußte	O
etwas	O
ahnen	O
,	O
denn	O
er	O
machte	O
einen	O
Sprung	O
über	O
mehrere	O
Stufen	O
und	O
verschwand	O
;	O
Huh	O
!	O
aber	O
schrie	O
er	O
noch	O
,	O
es	O
klang	O
durchs	O
ganze	O
Treppenhaus	O
.	O
Leider	O
schien	O
nun	O
auch	O
diese	O
Flucht	O
des	O
Prokuristen	O
den	O
Vater	O
,	O
der	O
bisher	O
verhältnismäßig	O
gefaßt	O
gewesen	O
war	O
,	O
völlig	O
zu	O
verwirren	O
,	O
denn	O
statt	O
selbst	O
dem	O
Prokuristen	O
nachzulaufen	O
oder	O
wenigstens	O
Gregor	PERSON
in	O
der	O
Verfolgung	O
nicht	O
zu	O
hindern	O
,	O
packte	O
er	O
mit	O
der	O
Rechten	O
den	O
Stock	O
des	O
Prokuristen	O
,	O
den	O
dieser	O
mit	O
Hut	O
und	O
Überzieher	O
auf	O
einem	O
Sessel	O
zurückgelassen	O
hatte	O
,	O
holte	O
mit	O
der	O
Linken	O
eine	O
große	O
Zeitung	O
vom	O
Tisch	O
und	O
machte	O
sich	O
unter	O
Füßestampfen	O
daran	O
,	O
Gregor	PERSON
durch	O
Schwenken	O
des	O
Stockes	O
und	O
der	O
Zeitung	O
in	O
sein	O
Zimmer	O
zurückzutreiben	O
.	O
Kein	O
Bitten	O
Gregors	O
half	O
,	O
kein	O
Bitten	O
wurde	O
auch	O
verstanden	O
,	O
er	O
mochte	O
den	O
Kopf	O
noch	O
so	O
demütig	O
drehen	O
,	O
der	O
Vater	O
stampfte	O
nur	O
stärker	O
mit	O
den	O
Füßen	O
.	O
Drüben	O
hatte	O
die	O
Mutter	O
trotz	O
des	O
kühlen	O
Wetters	O
ein	O
Fenster	O
aufgerissen	O
,	O
und	O
hinausgelehnt	O
drückte	O
sie	O
ihr	O
Gesicht	O
weit	O
außerhalb	O
des	O
Fensters	O
in	O
ihre	O
Hände	O
.	O
Zwischen	O
Gasse	O
und	O
Treppenhaus	O
entstand	O
eine	O
starke	O
Zugluft	O
,	O
die	O
Fenstervorhänge	O
flogen	O
auf	O
,	O
die	O
Zeitungen	O
auf	O
dem	O
Tische	O
rauschten	O
,	O
einzelne	O
Blätter	O
wehten	O
über	O
den	O
Boden	O
hin	O
.	O
Unerbittlich	O
drängte	O
der	O
Vater	O
und	O
stieß	O
Zischlaute	O
aus	O
,	O
wie	O
ein	O
Wilder	O
.	O
Nun	O
hatte	O
aber	O
Gregor	PERSON
noch	O
gar	O
keine	O
Übung	O
im	O
Rückwärtsgehen	O
,	O
es	O
ging	O
wirklich	O
sehr	O
langsam	O
.	O
Wenn	O
sich	O
Gregor	PERSON
nur	O
hätte	O
umdrehen	O
dürfen	O
,	O
er	O
wäre	O
gleich	O
in	O
seinem	O
Zimmer	O
gewesen	O
,	O
aber	O
er	O
fürchtete	O
sich	O
,	O
den	O
Vater	O
durch	O
die	O
zeitraubende	O
Umdrehung	O
ungeduldig	O
zu	O
machen	O
,	O
und	O
jeden	O
Augenblick	O
drohte	O
ihm	O
doch	O
von	O
dem	O
Stock	O
in	O
des	O
Vaters	O
Hand	O
der	O
tödliche	O
Schlag	O
auf	O
den	O
Rücken	O
oder	O
auf	O
den	O
Kopf	O
.	O
Endlich	O
aber	O
blieb	O
Gregor	PERSON
doch	O
nichts	O
anderes	O
übrig	O
,	O
denn	O
er	O
merkte	O
mit	O
Entsetzen	O
,	O
daß	O
er	O
im	O
Rückwärtsgehen	O
nicht	O
einmal	O
die	O
Richtung	O
einzuhalten	O
verstand	O
;	O
und	O
so	O
begann	O
er	O
,	O
unter	O
unaufhörlichen	O
ängstlichen	O
Seitenblicken	O
nach	O
dem	O
Vater	O
,	O
sich	O
nach	O
Möglichkeit	O
rasch	O
,	O
in	O
Wirklichkeit	O
aber	O
doch	O
nur	O
sehr	O
langsam	O
umzudrehen	O
.	O
Vielleicht	O
merkte	O
der	O
Vater	O
seinen	O
guten	O
Willen	O
,	O
denn	O
er	O
störte	O
ihn	O
hierbei	O
nicht	O
,	O
sondern	O
dirigierte	O
sogar	O
hie	O
und	O
da	O
die	O
Drehbewegung	O
von	O
der	O
Ferne	O
mit	O
der	O
Spitze	O
seines	O
Stockes	O
.	O
Wenn	O
nur	O
nicht	O
dieses	O
unerträgliche	O
Zischen	O
des	O
Vaters	O
gewesen	O
wäre	O
!	O
Gregor	PERSON
verlor	O
darüber	O
ganz	O
den	O
Kopf	O
.	O
Er	O
war	O
schon	O
fast	O
ganz	O
umgedreht	O
,	O
als	O
er	O
sich	O
,	O
immer	O
auf	O
dieses	O
Zischen	O
horchend	O
,	O
sogar	O
irrte	O
und	O
sich	O
wieder	O
ein	O
Stück	O
zurückdrehte	O
.	O
Als	O
er	O
aber	O
endlich	O
glücklich	O
mit	O
dem	O
Kopf	O
vor	O
der	O
Türöffnung	O
war	O
,	O
zeigte	O
es	O
sich	O
,	O
daß	O
sein	O
Körper	O
zu	O
breit	O
war	O
,	O
um	O
ohne	O
weiteres	O
durchzukommen	O
.	O
Dem	O
Vater	O
fiel	O
es	O
natürlich	O
in	O
seiner	O
gegenwärtigen	O
Verfassung	O
auch	O
nicht	O
entfernt	O
ein	O
,	O
etwa	O
den	O
anderen	O
Türflügel	O
zu	O
öffnen	O
,	O
um	O
für	O
Gregor	PERSON
einen	O
genügenden	O
Durchgang	O
zu	O
schaffen	O
.	O
Seine	O
fixe	O
Idee	O
war	O
bloß	O
,	O
daß	O
Gregor	PERSON
so	O
rasch	O
als	O
möglich	O
in	O
sein	O
Zimmer	O
müsse	O
.	O
Niemals	O
hätte	O
er	O
auch	O
die	O
umständlichen	O
Vorbereitungen	O
gestattet	O
,	O
die	O
Gregor	PERSON
brauchte	O
,	O
um	O
sich	O
aufzurichten	O
und	O
vielleicht	O
auf	O
diese	O
Weise	O
durch	O
die	O
Tür	O
zu	O
kommen	O
.	O
Vielleicht	O
trieb	O
er	O
,	O
als	O
gäbe	O
es	O
kein	O
Hindernis	O
,	O
Gregor	PERSON
jetzt	O
unter	O
besonderem	O
Lärm	O
vorwärts	O
;	O
es	O
klang	O
schon	O
hinter	O
Gregor	PERSON
gar	O
nicht	O
mehr	O
wie	O
die	O
Stimme	O
bloß	O
eines	O
einzigen	O
Vaters	O
;	O
nun	O
gab	O
es	O
wirklich	O
keinen	O
Spaß	O
mehr	O
,	O
und	O
Gregor	PERSON
drängte	O
sich	O
--	O
geschehe	O
was	O
wolle	O
--	O
in	O
die	O
Tür	O
.	O
Die	O
eine	O
Seite	O
seines	O
Körpers	O
hob	O
sich	O
,	O
er	O
lag	O
schief	O
in	O
der	O
Türöffnung	O
,	O
seine	O
eine	O
Flanke	O
war	O
ganz	O
wundgerieben	O
,	O
an	O
der	O
weißen	O
Tür	O
blieben	O
häßliche	O
Flecke	O
,	O
bald	O
steckte	O
er	O
fest	O
und	O
hätte	O
sich	O
allein	O
nicht	O
mehr	O
rühren	O
können	O
,	O
die	O
Beinchen	O
auf	O
der	O
einen	O
Seite	O
hingen	O
zitternd	O
oben	O
in	O
der	O
Luft	O
,	O
die	O
auf	O
der	O
anderen	O
waren	O
schmerzhaft	O
zu	O
Boden	O
gedrückt	O
--	O
da	O
gab	O
ihm	O
der	O
Vater	O
von	O
hinten	O
einen	O
jetzt	O
wahrhaftig	O
erlösenden	O
starken	O
Stoß	O
,	O
und	O
er	O
flog	O
,	O
heftig	O
blutend	O
,	O
weit	O
in	O
sein	O
Zimmer	O
hinein	O
.	O
Die	O
Tür	O
wurde	O
noch	O
mit	O
dem	O
Stock	O
zugeschlagen	O
,	O
dann	O
war	O
es	O
endlich	O
still	O
.	O
